country_code,country_name,indicator_id,indicator_name,index_id,index_name,value,year
#country+code,#country+name,#indicator+id,#indicator+name,#index+id,#index+name,#indicator+value+num,#date+year
CHN,China,abr,"Adolescent Birth Rate (births per 1,000 women ages 15-19)",GII,Gender Inequality Index,30.986,1990
CHN,China,abr,"Adolescent Birth Rate (births per 1,000 women ages 15-19)",GII,Gender Inequality Index,27.892,1991
CHN,China,abr,"Adolescent Birth Rate (births per 1,000 women ages 15-19)",GII,Gender Inequality Index,22.499,1992
CHN,China,abr,"Adolescent Birth Rate (births per 1,000 women ages 15-19)",GII,Gender Inequality Index,21.184,1993
CHN,China,abr,"Adolescent Birth Rate (births per 1,000 women ages 15-19)",GII,Gender Inequality Index,15.419,1994
CHN,China,abr,"Adolescent Birth Rate (births per 1,000 women ages 15-19)",GII,Gender Inequality Index,14.349,1995
CHN,China,abr,"Adolescent Birth Rate (births per 1,000 women ages 15-19)",GII,Gender Inequality Index,14.217,1996
CHN,China,abr,"Adolescent Birth Rate (births per 1,000 women ages 15-19)",GII,Gender Inequality Index,11.911,1997
CHN,China,abr,"Adolescent Birth Rate (births per 1,000 women ages 15-19)",GII,Gender Inequality Index,11.641,1998
CHN,China,abr,"Adolescent Birth Rate (births per 1,000 women ages 15-19)",GII,Gender Inequality Index,11.92,1999
CHN,China,abr,"Adolescent Birth Rate (births per 1,000 women ages 15-19)",GII,Gender Inequality Index,12.579,2000
CHN,China,abr,"Adolescent Birth Rate (births per 1,000 women ages 15-19)",GII,Gender Inequality Index,12.917,2001
CHN,China,abr,"Adolescent Birth Rate (births per 1,000 women ages 15-19)",GII,Gender Inequality Index,12.814,2002
CHN,China,abr,"Adolescent Birth Rate (births per 1,000 women ages 15-19)",GII,Gender Inequality Index,12.675,2003
CHN,China,abr,"Adolescent Birth Rate (births per 1,000 women ages 15-19)",GII,Gender Inequality Index,12.528,2004
CHN,China,abr,"Adolescent Birth Rate (births per 1,000 women ages 15-19)",GII,Gender Inequality Index,13.389,2005
CHN,China,abr,"Adolescent Birth Rate (births per 1,000 women ages 15-19)",GII,Gender Inequality Index,13.712,2006
CHN,China,abr,"Adolescent Birth Rate (births per 1,000 women ages 15-19)",GII,Gender Inequality Index,14.324,2007
CHN,China,abr,"Adolescent Birth Rate (births per 1,000 women ages 15-19)",GII,Gender Inequality Index,15.141,2008
CHN,China,abr,"Adolescent Birth Rate (births per 1,000 women ages 15-19)",GII,Gender Inequality Index,15.998,2009
CHN,China,abr,"Adolescent Birth Rate (births per 1,000 women ages 15-19)",GII,Gender Inequality Index,15.908,2010
CHN,China,abr,"Adolescent Birth Rate (births per 1,000 women ages 15-19)",GII,Gender Inequality Index,15.488,2011
CHN,China,abr,"Adolescent Birth Rate (births per 1,000 women ages 15-19)",GII,Gender Inequality Index,16.256,2012
CHN,China,abr,"Adolescent Birth Rate (births per 1,000 women ages 15-19)",GII,Gender Inequality Index,16.013,2013
CHN,China,abr,"Adolescent Birth Rate (births per 1,000 women ages 15-19)",GII,Gender Inequality Index,16.39,2014
CHN,China,abr,"Adolescent Birth Rate (births per 1,000 women ages 15-19)",GII,Gender Inequality Index,15.327,2015
CHN,China,abr,"Adolescent Birth Rate (births per 1,000 women ages 15-19)",GII,Gender Inequality Index,15.282,2016
CHN,China,abr,"Adolescent Birth Rate (births per 1,000 women ages 15-19)",GII,Gender Inequality Index,14.901,2017
CHN,China,abr,"Adolescent Birth Rate (births per 1,000 women ages 15-19)",GII,Gender Inequality Index,13.325,2018
CHN,China,abr,"Adolescent Birth Rate (births per 1,000 women ages 15-19)",GII,Gender Inequality Index,12.939,2019
CHN,China,abr,"Adolescent Birth Rate (births per 1,000 women ages 15-19)",GII,Gender Inequality Index,11.73,2020
CHN,China,abr,"Adolescent Birth Rate (births per 1,000 women ages 15-19)",GII,Gender Inequality Index,11.048,2021
CHN,China,abr,"Adolescent Birth Rate (births per 1,000 women ages 15-19)",GII,Gender Inequality Index,11.146,2022
CHN,China,assets,Assets (%),MPI,Multidimensional Poverty Index,2.977,2014
CHN,China,child_mortality,Child mortality (%),MPI,Multidimensional Poverty Index,0.371,2014
CHN,China,co2_prod,Carbon dioxide emissions per capita (production) (tonnes),PHDI,Planetary pressures–adjusted Human Development Index,2.154,1990
CHN,China,co2_prod,Carbon dioxide emissions per capita (production) (tonnes),PHDI,Planetary pressures–adjusted Human Development Index,2.226,1991
CHN,China,co2_prod,Carbon dioxide emissions per capita (production) (tonnes),PHDI,Planetary pressures–adjusted Human Development Index,2.307,1992
CHN,China,co2_prod,Carbon dioxide emissions per capita (production) (tonnes),PHDI,Planetary pressures–adjusted Human Development Index,2.443,1993
CHN,China,co2_prod,Carbon dioxide emissions per capita (production) (tonnes),PHDI,Planetary pressures–adjusted Human Development Index,2.571,1994
CHN,China,co2_prod,Carbon dioxide emissions per capita (production) (tonnes),PHDI,Planetary pressures–adjusted Human Development Index,2.76,1995
CHN,China,co2_prod,Carbon dioxide emissions per capita (production) (tonnes),PHDI,Planetary pressures–adjusted Human Development Index,2.857,1996
CHN,China,co2_prod,Carbon dioxide emissions per capita (production) (tonnes),PHDI,Planetary pressures–adjusted Human Development Index,2.84,1997
CHN,China,co2_prod,Carbon dioxide emissions per capita (production) (tonnes),PHDI,Planetary pressures–adjusted Human Development Index,2.699,1998
CHN,China,co2_prod,Carbon dioxide emissions per capita (production) (tonnes),PHDI,Planetary pressures–adjusted Human Development Index,2.834,1999
CHN,China,co2_prod,Carbon dioxide emissions per capita (production) (tonnes),PHDI,Planetary pressures–adjusted Human Development Index,2.887,2000
CHN,China,co2_prod,Carbon dioxide emissions per capita (production) (tonnes),PHDI,Planetary pressures–adjusted Human Development Index,2.93,2001
CHN,China,co2_prod,Carbon dioxide emissions per capita (production) (tonnes),PHDI,Planetary pressures–adjusted Human Development Index,3.203,2002
CHN,China,co2_prod,Carbon dioxide emissions per capita (production) (tonnes),PHDI,Planetary pressures–adjusted Human Development Index,3.756,2003
CHN,China,co2_prod,Carbon dioxide emissions per capita (production) (tonnes),PHDI,Planetary pressures–adjusted Human Development Index,4.023,2004
CHN,China,co2_prod,Carbon dioxide emissions per capita (production) (tonnes),PHDI,Planetary pressures–adjusted Human Development Index,4.508,2005
CHN,China,co2_prod,Carbon dioxide emissions per capita (production) (tonnes),PHDI,Planetary pressures–adjusted Human Development Index,4.946,2006
CHN,China,co2_prod,Carbon dioxide emissions per capita (production) (tonnes),PHDI,Planetary pressures–adjusted Human Development Index,5.285,2007
CHN,China,co2_prod,Carbon dioxide emissions per capita (production) (tonnes),PHDI,Planetary pressures–adjusted Human Development Index,5.64,2008
CHN,China,co2_prod,Carbon dioxide emissions per capita (production) (tonnes),PHDI,Planetary pressures–adjusted Human Development Index,5.893,2009
CHN,China,co2_prod,Carbon dioxide emissions per capita (production) (tonnes),PHDI,Planetary pressures–adjusted Human Development Index,6.394,2010
CHN,China,co2_prod,Carbon dioxide emissions per capita (production) (tonnes),PHDI,Planetary pressures–adjusted Human Development Index,7.024,2011
CHN,China,co2_prod,Carbon dioxide emissions per capita (production) (tonnes),PHDI,Planetary pressures–adjusted Human Development Index,7.156,2012
CHN,China,co2_prod,Carbon dioxide emissions per capita (production) (tonnes),PHDI,Planetary pressures–adjusted Human Development Index,7.235,2013
CHN,China,co2_prod,Carbon dioxide emissions per capita (production) (tonnes),PHDI,Planetary pressures–adjusted Human Development Index,7.218,2014
CHN,China,co2_prod,Carbon dioxide emissions per capita (production) (tonnes),PHDI,Planetary pressures–adjusted Human Development Index,7.08,2015
CHN,China,co2_prod,Carbon dioxide emissions per capita (production) (tonnes),PHDI,Planetary pressures–adjusted Human Development Index,6.966,2016
CHN,China,co2_prod,Carbon dioxide emissions per capita (production) (tonnes),PHDI,Planetary pressures–adjusted Human Development Index,7.099,2017
CHN,China,co2_prod,Carbon dioxide emissions per capita (production) (tonnes),PHDI,Planetary pressures–adjusted Human Development Index,7.307,2018
CHN,China,co2_prod,Carbon dioxide emissions per capita (production) (tonnes),PHDI,Planetary pressures–adjusted Human Development Index,7.54,2019
CHN,China,co2_prod,Carbon dioxide emissions per capita (production) (tonnes),PHDI,Planetary pressures–adjusted Human Development Index,7.659,2020
CHN,China,co2_prod,Carbon dioxide emissions per capita (production) (tonnes),PHDI,Planetary pressures–adjusted Human Development Index,7.95,2021
CHN,China,co2_prod,Carbon dioxide emissions per capita (production) (tonnes),PHDI,Planetary pressures–adjusted Human Development Index,7.95,2022
CHN,China,coef_ineq,Coefficient of human inequality,IHDI,Inequality-adjusted Human Development Index,17.131,2013
CHN,China,coef_ineq,Coefficient of human inequality,IHDI,Inequality-adjusted Human Development Index,16.117,2014
CHN,China,coef_ineq,Coefficient of human inequality,IHDI,Inequality-adjusted Human Development Index,16.464,2015
CHN,China,coef_ineq,Coefficient of human inequality,IHDI,Inequality-adjusted Human Development Index,16.48,2016
CHN,China,coef_ineq,Coefficient of human inequality,IHDI,Inequality-adjusted Human Development Index,16.499,2017
CHN,China,coef_ineq,Coefficient of human inequality,IHDI,Inequality-adjusted Human Development Index,16.077,2018
CHN,China,coef_ineq,Coefficient of human inequality,IHDI,Inequality-adjusted Human Development Index,15.617,2019
CHN,China,coef_ineq,Coefficient of human inequality,IHDI,Inequality-adjusted Human Development Index,15.471,2020
CHN,China,coef_ineq,Coefficient of human inequality,IHDI,Inequality-adjusted Human Development Index,15.281,2021
CHN,China,coef_ineq,Coefficient of human inequality,IHDI,Inequality-adjusted Human Development Index,15.332,2022
CHN,China,cooking_fuel,Cooking fuel (%),MPI,Multidimensional Poverty Index,11.496,2014
CHN,China,diff_hdi_phdi,Difference from HDI value (%),PHDI,Planetary pressures–adjusted Human Development Index,3.32,1990
CHN,China,diff_hdi_phdi,Difference from HDI value (%),PHDI,Planetary pressures–adjusted Human Development Index,3.272,1991
CHN,China,diff_hdi_phdi,Difference from HDI value (%),PHDI,Planetary pressures–adjusted Human Development Index,3.593,1992
CHN,China,diff_hdi_phdi,Difference from HDI value (%),PHDI,Planetary pressures–adjusted Human Development Index,4.102,1993
CHN,China,diff_hdi_phdi,Difference from HDI value (%),PHDI,Planetary pressures–adjusted Human Development Index,4.215,1994
CHN,China,diff_hdi_phdi,Difference from HDI value (%),PHDI,Planetary pressures–adjusted Human Development Index,4.511,1995
CHN,China,diff_hdi_phdi,Difference from HDI value (%),PHDI,Planetary pressures–adjusted Human Development Index,4.604,1996
CHN,China,diff_hdi_phdi,Difference from HDI value (%),PHDI,Planetary pressures–adjusted Human Development Index,4.513,1997
CHN,China,diff_hdi_phdi,Difference from HDI value (%),PHDI,Planetary pressures–adjusted Human Development Index,4.602,1998
CHN,China,diff_hdi_phdi,Difference from HDI value (%),PHDI,Planetary pressures–adjusted Human Development Index,4.87,1999
CHN,China,diff_hdi_phdi,Difference from HDI value (%),PHDI,Planetary pressures–adjusted Human Development Index,4.949,2000
CHN,China,diff_hdi_phdi,Difference from HDI value (%),PHDI,Planetary pressures–adjusted Human Development Index,5.193,2001
CHN,China,diff_hdi_phdi,Difference from HDI value (%),PHDI,Planetary pressures–adjusted Human Development Index,5.428,2002
CHN,China,diff_hdi_phdi,Difference from HDI value (%),PHDI,Planetary pressures–adjusted Human Development Index,5.977,2003
CHN,China,diff_hdi_phdi,Difference from HDI value (%),PHDI,Planetary pressures–adjusted Human Development Index,6.498,2004
CHN,China,diff_hdi_phdi,Difference from HDI value (%),PHDI,Planetary pressures–adjusted Human Development Index,6.998,2005
CHN,China,diff_hdi_phdi,Difference from HDI value (%),PHDI,Planetary pressures–adjusted Human Development Index,7.774,2006
CHN,China,diff_hdi_phdi,Difference from HDI value (%),PHDI,Planetary pressures–adjusted Human Development Index,8.383,2007
CHN,China,diff_hdi_phdi,Difference from HDI value (%),PHDI,Planetary pressures–adjusted Human Development Index,8.85,2008
CHN,China,diff_hdi_phdi,Difference from HDI value (%),PHDI,Planetary pressures–adjusted Human Development Index,9.724,2009
CHN,China,diff_hdi_phdi,Difference from HDI value (%),PHDI,Planetary pressures–adjusted Human Development Index,10.745,2010
CHN,China,diff_hdi_phdi,Difference from HDI value (%),PHDI,Planetary pressures–adjusted Human Development Index,11.756,2011
CHN,China,diff_hdi_phdi,Difference from HDI value (%),PHDI,Planetary pressures–adjusted Human Development Index,12.168,2012
CHN,China,diff_hdi_phdi,Difference from HDI value (%),PHDI,Planetary pressures–adjusted Human Development Index,12.863,2013
CHN,China,diff_hdi_phdi,Difference from HDI value (%),PHDI,Planetary pressures–adjusted Human Development Index,12.978,2014
CHN,China,diff_hdi_phdi,Difference from HDI value (%),PHDI,Planetary pressures–adjusted Human Development Index,12.686,2015
CHN,China,diff_hdi_phdi,Difference from HDI value (%),PHDI,Planetary pressures–adjusted Human Development Index,12.55,2016
CHN,China,diff_hdi_phdi,Difference from HDI value (%),PHDI,Planetary pressures–adjusted Human Development Index,12.682,2017
CHN,China,diff_hdi_phdi,Difference from HDI value (%),PHDI,Planetary pressures–adjusted Human Development Index,12.794,2018
CHN,China,diff_hdi_phdi,Difference from HDI value (%),PHDI,Planetary pressures–adjusted Human Development Index,12.774,2019
CHN,China,diff_hdi_phdi,Difference from HDI value (%),PHDI,Planetary pressures–adjusted Human Development Index,13.188,2020
CHN,China,diff_hdi_phdi,Difference from HDI value (%),PHDI,Planetary pressures–adjusted Human Development Index,13.631,2021
CHN,China,diff_hdi_phdi,Difference from HDI value (%),PHDI,Planetary pressures–adjusted Human Development Index,13.832,2022
CHN,China,drinking_water,Drinking water (%),MPI,Multidimensional Poverty Index,7.363,2014
CHN,China,electricity,Electricity (%),MPI,Multidimensional Poverty Index,0.13,2014
CHN,China,eys,Expected Years of Schooling (years),HDI,Human Development Index,8.606,1990
CHN,China,eys,Expected Years of Schooling (years),HDI,Human Development Index,8.596,1991
CHN,China,eys,Expected Years of Schooling (years),HDI,Human Development Index,8.6,1992
CHN,China,eys,Expected Years of Schooling (years),HDI,Human Development Index,8.606,1993
CHN,China,eys,Expected Years of Schooling (years),HDI,Human Development Index,8.581,1994
CHN,China,eys,Expected Years of Schooling (years),HDI,Human Development Index,8.725,1995
CHN,China,eys,Expected Years of Schooling (years),HDI,Human Development Index,8.975,1996
CHN,China,eys,Expected Years of Schooling (years),HDI,Human Development Index,9.137,1997
CHN,China,eys,Expected Years of Schooling (years),HDI,Human Development Index,9.393,1998
CHN,China,eys,Expected Years of Schooling (years),HDI,Human Development Index,9.649,1999
CHN,China,eys,Expected Years of Schooling (years),HDI,Human Development Index,9.905,2000
CHN,China,eys,Expected Years of Schooling (years),HDI,Human Development Index,10.16,2001
CHN,China,eys,Expected Years of Schooling (years),HDI,Human Development Index,10.506,2002
CHN,China,eys,Expected Years of Schooling (years),HDI,Human Development Index,10.852,2003
CHN,China,eys,Expected Years of Schooling (years),HDI,Human Development Index,11.199,2004
CHN,China,eys,Expected Years of Schooling (years),HDI,Human Development Index,11.545,2005
CHN,China,eys,Expected Years of Schooling (years),HDI,Human Development Index,11.891,2006
CHN,China,eys,Expected Years of Schooling (years),HDI,Human Development Index,12.203,2007
CHN,China,eys,Expected Years of Schooling (years),HDI,Human Development Index,12.519,2008
CHN,China,eys,Expected Years of Schooling (years),HDI,Human Development Index,12.853,2009
CHN,China,eys,Expected Years of Schooling (years),HDI,Human Development Index,13.043,2010
CHN,China,eys,Expected Years of Schooling (years),HDI,Human Development Index,13.158,2011
CHN,China,eys,Expected Years of Schooling (years),HDI,Human Development Index,13.284,2012
CHN,China,eys,Expected Years of Schooling (years),HDI,Human Development Index,13.511,2013
CHN,China,eys,Expected Years of Schooling (years),HDI,Human Development Index,13.743,2014
CHN,China,eys,Expected Years of Schooling (years),HDI,Human Development Index,13.978,2015
CHN,China,eys,Expected Years of Schooling (years),HDI,Human Development Index,14.218,2016
CHN,China,eys,Expected Years of Schooling (years),HDI,Human Development Index,14.462,2017
CHN,China,eys,Expected Years of Schooling (years),HDI,Human Development Index,14.709,2018
CHN,China,eys,Expected Years of Schooling (years),HDI,Human Development Index,14.962,2019
CHN,China,eys,Expected Years of Schooling (years),HDI,Human Development Index,15.218,2020
CHN,China,eys,Expected Years of Schooling (years),HDI,Human Development Index,15.218,2021
CHN,China,eys,Expected Years of Schooling (years),HDI,Human Development Index,15.218,2022
CHN,China,eys_f,"Expected Years of Schooling, female (years)",GDI,Gender Development Index,7.001,1990
CHN,China,eys_f,"Expected Years of Schooling, female (years)",GDI,Gender Development Index,7.259,1991
CHN,China,eys_f,"Expected Years of Schooling, female (years)",GDI,Gender Development Index,7.527,1992
CHN,China,eys_f,"Expected Years of Schooling, female (years)",GDI,Gender Development Index,7.804,1993
CHN,China,eys_f,"Expected Years of Schooling, female (years)",GDI,Gender Development Index,8.091,1994
CHN,China,eys_f,"Expected Years of Schooling, female (years)",GDI,Gender Development Index,8.412,1995
CHN,China,eys_f,"Expected Years of Schooling, female (years)",GDI,Gender Development Index,8.733,1996
CHN,China,eys_f,"Expected Years of Schooling, female (years)",GDI,Gender Development Index,9.054,1997
CHN,China,eys_f,"Expected Years of Schooling, female (years)",GDI,Gender Development Index,9.375,1998
CHN,China,eys_f,"Expected Years of Schooling, female (years)",GDI,Gender Development Index,9.087,1999
CHN,China,eys_f,"Expected Years of Schooling, female (years)",GDI,Gender Development Index,9.365,2000
CHN,China,eys_f,"Expected Years of Schooling, female (years)",GDI,Gender Development Index,9.643,2001
CHN,China,eys_f,"Expected Years of Schooling, female (years)",GDI,Gender Development Index,10.101,2002
CHN,China,eys_f,"Expected Years of Schooling, female (years)",GDI,Gender Development Index,10.559,2003
CHN,China,eys_f,"Expected Years of Schooling, female (years)",GDI,Gender Development Index,11.017,2004
CHN,China,eys_f,"Expected Years of Schooling, female (years)",GDI,Gender Development Index,11.62,2005
CHN,China,eys_f,"Expected Years of Schooling, female (years)",GDI,Gender Development Index,11.941,2006
CHN,China,eys_f,"Expected Years of Schooling, female (years)",GDI,Gender Development Index,12.284,2007
CHN,China,eys_f,"Expected Years of Schooling, female (years)",GDI,Gender Development Index,12.647,2008
CHN,China,eys_f,"Expected Years of Schooling, female (years)",GDI,Gender Development Index,13.035,2009
CHN,China,eys_f,"Expected Years of Schooling, female (years)",GDI,Gender Development Index,13.156,2010
CHN,China,eys_f,"Expected Years of Schooling, female (years)",GDI,Gender Development Index,13.308,2011
CHN,China,eys_f,"Expected Years of Schooling, female (years)",GDI,Gender Development Index,13.484,2012
CHN,China,eys_f,"Expected Years of Schooling, female (years)",GDI,Gender Development Index,13.738,2013
CHN,China,eys_f,"Expected Years of Schooling, female (years)",GDI,Gender Development Index,13.997,2014
CHN,China,eys_f,"Expected Years of Schooling, female (years)",GDI,Gender Development Index,14.261,2015
CHN,China,eys_f,"Expected Years of Schooling, female (years)",GDI,Gender Development Index,14.529,2016
CHN,China,eys_f,"Expected Years of Schooling, female (years)",GDI,Gender Development Index,14.803,2017
CHN,China,eys_f,"Expected Years of Schooling, female (years)",GDI,Gender Development Index,15.082,2018
CHN,China,eys_f,"Expected Years of Schooling, female (years)",GDI,Gender Development Index,15.367,2019
CHN,China,eys_f,"Expected Years of Schooling, female (years)",GDI,Gender Development Index,15.656,2020
CHN,China,eys_f,"Expected Years of Schooling, female (years)",GDI,Gender Development Index,15.656,2021
CHN,China,eys_f,"Expected Years of Schooling, female (years)",GDI,Gender Development Index,15.656,2022
CHN,China,eys_m,"Expected Years of Schooling, male (years)",GDI,Gender Development Index,10.21,1990
CHN,China,eys_m,"Expected Years of Schooling, male (years)",GDI,Gender Development Index,9.932,1991
CHN,China,eys_m,"Expected Years of Schooling, male (years)",GDI,Gender Development Index,8.611,1992
CHN,China,eys_m,"Expected Years of Schooling, male (years)",GDI,Gender Development Index,8.824,1993
CHN,China,eys_m,"Expected Years of Schooling, male (years)",GDI,Gender Development Index,9.041,1994
CHN,China,eys_m,"Expected Years of Schooling, male (years)",GDI,Gender Development Index,9.275,1995
CHN,China,eys_m,"Expected Years of Schooling, male (years)",GDI,Gender Development Index,9.509,1996
CHN,China,eys_m,"Expected Years of Schooling, male (years)",GDI,Gender Development Index,9.743,1997
CHN,China,eys_m,"Expected Years of Schooling, male (years)",GDI,Gender Development Index,9.977,1998
CHN,China,eys_m,"Expected Years of Schooling, male (years)",GDI,Gender Development Index,10.21,1999
CHN,China,eys_m,"Expected Years of Schooling, male (years)",GDI,Gender Development Index,10.444,2000
CHN,China,eys_m,"Expected Years of Schooling, male (years)",GDI,Gender Development Index,10.678,2001
CHN,China,eys_m,"Expected Years of Schooling, male (years)",GDI,Gender Development Index,10.912,2002
CHN,China,eys_m,"Expected Years of Schooling, male (years)",GDI,Gender Development Index,11.146,2003
CHN,China,eys_m,"Expected Years of Schooling, male (years)",GDI,Gender Development Index,11.38,2004
CHN,China,eys_m,"Expected Years of Schooling, male (years)",GDI,Gender Development Index,11.469,2005
CHN,China,eys_m,"Expected Years of Schooling, male (years)",GDI,Gender Development Index,11.848,2006
CHN,China,eys_m,"Expected Years of Schooling, male (years)",GDI,Gender Development Index,12.133,2007
CHN,China,eys_m,"Expected Years of Schooling, male (years)",GDI,Gender Development Index,12.408,2008
CHN,China,eys_m,"Expected Years of Schooling, male (years)",GDI,Gender Development Index,12.691,2009
CHN,China,eys_m,"Expected Years of Schooling, male (years)",GDI,Gender Development Index,12.943,2010
CHN,China,eys_m,"Expected Years of Schooling, male (years)",GDI,Gender Development Index,13.025,2011
CHN,China,eys_m,"Expected Years of Schooling, male (years)",GDI,Gender Development Index,13.108,2012
CHN,China,eys_m,"Expected Years of Schooling, male (years)",GDI,Gender Development Index,13.313,2013
CHN,China,eys_m,"Expected Years of Schooling, male (years)",GDI,Gender Development Index,13.52,2014
CHN,China,eys_m,"Expected Years of Schooling, male (years)",GDI,Gender Development Index,13.731,2015
CHN,China,eys_m,"Expected Years of Schooling, male (years)",GDI,Gender Development Index,13.946,2016
CHN,China,eys_m,"Expected Years of Schooling, male (years)",GDI,Gender Development Index,14.163,2017
CHN,China,eys_m,"Expected Years of Schooling, male (years)",GDI,Gender Development Index,14.384,2018
CHN,China,eys_m,"Expected Years of Schooling, male (years)",GDI,Gender Development Index,14.609,2019
CHN,China,eys_m,"Expected Years of Schooling, male (years)",GDI,Gender Development Index,14.836,2020
CHN,China,eys_m,"Expected Years of Schooling, male (years)",GDI,Gender Development Index,14.836,2021
CHN,China,eys_m,"Expected Years of Schooling, male (years)",GDI,Gender Development Index,14.836,2022
CHN,China,gdi_group,GDI Group,GDI,Gender Development Index,2,2022
CHN,China,gii_rank,GII Rank,GII,Gender Inequality Index,47,2022
CHN,China,gni_pc_f,"Gross National Income Per Capita, female (2017 PPP$)",GDI,Gender Development Index,1103.915,1990
CHN,China,gni_pc_f,"Gross National Income Per Capita, female (2017 PPP$)",GDI,Gender Development Index,1019.498,1991
CHN,China,gni_pc_f,"Gross National Income Per Capita, female (2017 PPP$)",GDI,Gender Development Index,1173.867,1992
CHN,China,gni_pc_f,"Gross National Income Per Capita, female (2017 PPP$)",GDI,Gender Development Index,1302.612,1993
CHN,China,gni_pc_f,"Gross National Income Per Capita, female (2017 PPP$)",GDI,Gender Development Index,1466.942,1994
CHN,China,gni_pc_f,"Gross National Income Per Capita, female (2017 PPP$)",GDI,Gender Development Index,1646.722,1995
CHN,China,gni_pc_f,"Gross National Income Per Capita, female (2017 PPP$)",GDI,Gender Development Index,1800.636,1996
CHN,China,gni_pc_f,"Gross National Income Per Capita, female (2017 PPP$)",GDI,Gender Development Index,1950.319,1997
CHN,China,gni_pc_f,"Gross National Income Per Capita, female (2017 PPP$)",GDI,Gender Development Index,2098.921,1998
CHN,China,gni_pc_f,"Gross National Income Per Capita, female (2017 PPP$)",GDI,Gender Development Index,2260.725,1999
CHN,China,gni_pc_f,"Gross National Income Per Capita, female (2017 PPP$)",GDI,Gender Development Index,2685.196,2000
CHN,China,gni_pc_f,"Gross National Income Per Capita, female (2017 PPP$)",GDI,Gender Development Index,2573.474,2001
CHN,China,gni_pc_f,"Gross National Income Per Capita, female (2017 PPP$)",GDI,Gender Development Index,2805.769,2002
CHN,China,gni_pc_f,"Gross National Income Per Capita, female (2017 PPP$)",GDI,Gender Development Index,3077.853,2003
CHN,China,gni_pc_f,"Gross National Income Per Capita, female (2017 PPP$)",GDI,Gender Development Index,3374.814,2004
CHN,China,gni_pc_f,"Gross National Income Per Capita, female (2017 PPP$)",GDI,Gender Development Index,3734.318,2005
CHN,China,gni_pc_f,"Gross National Income Per Capita, female (2017 PPP$)",GDI,Gender Development Index,4216.4,2006
CHN,China,gni_pc_f,"Gross National Income Per Capita, female (2017 PPP$)",GDI,Gender Development Index,4839.591,2007
CHN,China,gni_pc_f,"Gross National Income Per Capita, female (2017 PPP$)",GDI,Gender Development Index,5305.772,2008
CHN,China,gni_pc_f,"Gross National Income Per Capita, female (2017 PPP$)",GDI,Gender Development Index,5746.631,2009
CHN,China,gni_pc_f,"Gross National Income Per Capita, female (2017 PPP$)",GDI,Gender Development Index,7134.61,2010
CHN,China,gni_pc_f,"Gross National Income Per Capita, female (2017 PPP$)",GDI,Gender Development Index,7070.864,2011
CHN,China,gni_pc_f,"Gross National Income Per Capita, female (2017 PPP$)",GDI,Gender Development Index,7631.379,2012
CHN,China,gni_pc_f,"Gross National Income Per Capita, female (2017 PPP$)",GDI,Gender Development Index,8120.986,2013
CHN,China,gni_pc_f,"Gross National Income Per Capita, female (2017 PPP$)",GDI,Gender Development Index,8749.747,2014
CHN,China,gni_pc_f,"Gross National Income Per Capita, female (2017 PPP$)",GDI,Gender Development Index,9279.811,2015
CHN,China,gni_pc_f,"Gross National Income Per Capita, female (2017 PPP$)",GDI,Gender Development Index,9880.356,2016
CHN,China,gni_pc_f,"Gross National Income Per Capita, female (2017 PPP$)",GDI,Gender Development Index,10546.194,2017
CHN,China,gni_pc_f,"Gross National Income Per Capita, female (2017 PPP$)",GDI,Gender Development Index,11187.751,2018
CHN,China,gni_pc_f,"Gross National Income Per Capita, female (2017 PPP$)",GDI,Gender Development Index,11861.1,2019
CHN,China,gni_pc_f,"Gross National Income Per Capita, female (2017 PPP$)",GDI,Gender Development Index,11898.572,2020
CHN,China,gni_pc_f,"Gross National Income Per Capita, female (2017 PPP$)",GDI,Gender Development Index,12909.788,2021
CHN,China,gni_pc_f,"Gross National Income Per Capita, female (2017 PPP$)",GDI,Gender Development Index,13291.585,2022
CHN,China,gni_pc_m,"Gross National Income Per Capita, male (2017 PPP$)",GDI,Gender Development Index,1734.631,1990
CHN,China,gni_pc_m,"Gross National Income Per Capita, male (2017 PPP$)",GDI,Gender Development Index,2028.494,1991
CHN,China,gni_pc_m,"Gross National Income Per Capita, male (2017 PPP$)",GDI,Gender Development Index,2264.152,1992
CHN,China,gni_pc_m,"Gross National Income Per Capita, male (2017 PPP$)",GDI,Gender Development Index,2562.203,1993
CHN,China,gni_pc_m,"Gross National Income Per Capita, male (2017 PPP$)",GDI,Gender Development Index,2861.211,1994
CHN,China,gni_pc_m,"Gross National Income Per Capita, male (2017 PPP$)",GDI,Gender Development Index,3046.817,1995
CHN,China,gni_pc_m,"Gross National Income Per Capita, male (2017 PPP$)",GDI,Gender Development Index,3309.715,1996
CHN,China,gni_pc_m,"Gross National Income Per Capita, male (2017 PPP$)",GDI,Gender Development Index,3587.818,1997
CHN,China,gni_pc_m,"Gross National Income Per Capita, male (2017 PPP$)",GDI,Gender Development Index,3793.291,1998
CHN,China,gni_pc_m,"Gross National Income Per Capita, male (2017 PPP$)",GDI,Gender Development Index,4042.756,1999
CHN,China,gni_pc_m,"Gross National Income Per Capita, male (2017 PPP$)",GDI,Gender Development Index,4115.504,2000
CHN,China,gni_pc_m,"Gross National Income Per Capita, male (2017 PPP$)",GDI,Gender Development Index,4710.641,2001
CHN,China,gni_pc_m,"Gross National Income Per Capita, male (2017 PPP$)",GDI,Gender Development Index,5118.051,2002
CHN,China,gni_pc_m,"Gross National Income Per Capita, male (2017 PPP$)",GDI,Gender Development Index,5616.976,2003
CHN,China,gni_pc_m,"Gross National Income Per Capita, male (2017 PPP$)",GDI,Gender Development Index,6171.787,2004
CHN,China,gni_pc_m,"Gross National Income Per Capita, male (2017 PPP$)",GDI,Gender Development Index,6793.314,2005
CHN,China,gni_pc_m,"Gross National Income Per Capita, male (2017 PPP$)",GDI,Gender Development Index,7641.791,2006
CHN,China,gni_pc_m,"Gross National Income Per Capita, male (2017 PPP$)",GDI,Gender Development Index,8690.401,2007
CHN,China,gni_pc_m,"Gross National Income Per Capita, male (2017 PPP$)",GDI,Gender Development Index,9510.843,2008
CHN,China,gni_pc_m,"Gross National Income Per Capita, male (2017 PPP$)",GDI,Gender Development Index,10258.737,2009
CHN,China,gni_pc_m,"Gross National Income Per Capita, male (2017 PPP$)",GDI,Gender Development Index,10478.842,2010
CHN,China,gni_pc_m,"Gross National Income Per Capita, male (2017 PPP$)",GDI,Gender Development Index,11992.042,2011
CHN,China,gni_pc_m,"Gross National Income Per Capita, male (2017 PPP$)",GDI,Gender Development Index,12936.168,2012
CHN,China,gni_pc_m,"Gross National Income Per Capita, male (2017 PPP$)",GDI,Gender Development Index,13769.733,2013
CHN,China,gni_pc_m,"Gross National Income Per Capita, male (2017 PPP$)",GDI,Gender Development Index,14838.886,2014
CHN,China,gni_pc_m,"Gross National Income Per Capita, male (2017 PPP$)",GDI,Gender Development Index,15674.053,2015
CHN,China,gni_pc_m,"Gross National Income Per Capita, male (2017 PPP$)",GDI,Gender Development Index,16626.859,2016
CHN,China,gni_pc_m,"Gross National Income Per Capita, male (2017 PPP$)",GDI,Gender Development Index,17737.684,2017
CHN,China,gni_pc_m,"Gross National Income Per Capita, male (2017 PPP$)",GDI,Gender Development Index,18775.602,2018
CHN,China,gni_pc_m,"Gross National Income Per Capita, male (2017 PPP$)",GDI,Gender Development Index,19828.513,2019
CHN,China,gni_pc_m,"Gross National Income Per Capita, male (2017 PPP$)",GDI,Gender Development Index,20254.954,2020
CHN,China,gni_pc_m,"Gross National Income Per Capita, male (2017 PPP$)",GDI,Gender Development Index,21898.117,2021
CHN,China,gni_pc_m,"Gross National Income Per Capita, male (2017 PPP$)",GDI,Gender Development Index,22566.939,2022
CHN,China,gnipc,Gross National Income Per Capita (2017 PPP$),HDI,Human Development Index,1425.257,1990
CHN,China,gnipc,Gross National Income Per Capita (2017 PPP$),HDI,Human Development Index,1533.782,1991
CHN,China,gnipc,Gross National Income Per Capita (2017 PPP$),HDI,Human Development Index,1729.803,1992
CHN,China,gnipc,Gross National Income Per Capita (2017 PPP$),HDI,Human Development Index,1945.1,1993
CHN,China,gnipc,Gross National Income Per Capita (2017 PPP$),HDI,Human Development Index,2178.377,1994
CHN,China,gnipc,Gross National Income Per Capita (2017 PPP$),HDI,Human Development Index,2361.387,1995
CHN,China,gnipc,Gross National Income Per Capita (2017 PPP$),HDI,Human Development Index,2571.202,1996
CHN,China,gnipc,Gross National Income Per Capita (2017 PPP$),HDI,Human Development Index,2786.751,1997
CHN,China,gnipc,Gross National Income Per Capita (2017 PPP$),HDI,Human Development Index,2964.657,1998
CHN,China,gnipc,Gross National Income Per Capita (2017 PPP$),HDI,Human Development Index,3171.528,1999
CHN,China,gnipc,Gross National Income Per Capita (2017 PPP$),HDI,Human Development Index,3416.481,2000
CHN,China,gnipc,Gross National Income Per Capita (2017 PPP$),HDI,Human Development Index,3666.403,2001
CHN,China,gnipc,Gross National Income Per Capita (2017 PPP$),HDI,Human Development Index,3988.394,2002
CHN,China,gnipc,Gross National Income Per Capita (2017 PPP$),HDI,Human Development Index,4376.641,2003
CHN,China,gnipc,Gross National Income Per Capita (2017 PPP$),HDI,Human Development Index,4805.651,2004
CHN,China,gnipc,Gross National Income Per Capita (2017 PPP$),HDI,Human Development Index,5299.359,2005
CHN,China,gnipc,Gross National Income Per Capita (2017 PPP$),HDI,Human Development Index,5969.088,2006
CHN,China,gnipc,Gross National Income Per Capita (2017 PPP$),HDI,Human Development Index,6810.158,2007
CHN,China,gnipc,Gross National Income Per Capita (2017 PPP$),HDI,Human Development Index,7457.824,2008
CHN,China,gnipc,Gross National Income Per Capita (2017 PPP$),HDI,Human Development Index,8056.028,2009
CHN,China,gnipc,Gross National Income Per Capita (2017 PPP$),HDI,Human Development Index,8846.375,2010
CHN,China,gnipc,Gross National Income Per Capita (2017 PPP$),HDI,Human Development Index,9589.872,2011
CHN,China,gnipc,Gross National Income Per Capita (2017 PPP$),HDI,Human Development Index,10346.768,2012
CHN,China,gnipc,Gross National Income Per Capita (2017 PPP$),HDI,Human Development Index,11012.372,2013
CHN,China,gnipc,Gross National Income Per Capita (2017 PPP$),HDI,Human Development Index,11866.353,2014
CHN,China,gnipc,Gross National Income Per Capita (2017 PPP$),HDI,Human Development Index,12552.185,2015
CHN,China,gnipc,Gross National Income Per Capita (2017 PPP$),HDI,Human Development Index,13332.386,2016
CHN,China,gnipc,Gross National Income Per Capita (2017 PPP$),HDI,Human Development Index,14224.869,2017
CHN,China,gnipc,Gross National Income Per Capita (2017 PPP$),HDI,Human Development Index,15067.743,2018
CHN,China,gnipc,Gross National Income Per Capita (2017 PPP$),HDI,Human Development Index,15933.621,2019
CHN,China,gnipc,Gross National Income Per Capita (2017 PPP$),HDI,Human Development Index,16167.831,2020
CHN,China,gnipc,Gross National Income Per Capita (2017 PPP$),HDI,Human Development Index,17499.161,2021
CHN,China,gnipc,Gross National Income Per Capita (2017 PPP$),HDI,Human Development Index,18024.887,2022
CHN,China,hdi_f,HDI female,GDI,Gender Development Index,0.439,1990
CHN,China,hdi_f,HDI female,GDI,Gender Development Index,0.44,1991
CHN,China,hdi_f,HDI female,GDI,Gender Development Index,0.456,1992
CHN,China,hdi_f,HDI female,GDI,Gender Development Index,0.47,1993
CHN,China,hdi_f,HDI female,GDI,Gender Development Index,0.484,1994
CHN,China,hdi_f,HDI female,GDI,Gender Development Index,0.499,1995
CHN,China,hdi_f,HDI female,GDI,Gender Development Index,0.511,1996
CHN,China,hdi_f,HDI female,GDI,Gender Development Index,0.523,1997
CHN,China,hdi_f,HDI female,GDI,Gender Development Index,0.536,1998
CHN,China,hdi_f,HDI female,GDI,Gender Development Index,0.539,1999
CHN,China,hdi_f,HDI female,GDI,Gender Development Index,0.556,2000
CHN,China,hdi_f,HDI female,GDI,Gender Development Index,0.562,2001
CHN,China,hdi_f,HDI female,GDI,Gender Development Index,0.575,2002
CHN,China,hdi_f,HDI female,GDI,Gender Development Index,0.589,2003
CHN,China,hdi_f,HDI female,GDI,Gender Development Index,0.602,2004
CHN,China,hdi_f,HDI female,GDI,Gender Development Index,0.617,2005
CHN,China,hdi_f,HDI female,GDI,Gender Development Index,0.63,2006
CHN,China,hdi_f,HDI female,GDI,Gender Development Index,0.644,2007
CHN,China,hdi_f,HDI female,GDI,Gender Development Index,0.655,2008
CHN,China,hdi_f,HDI female,GDI,Gender Development Index,0.667,2009
CHN,China,hdi_f,HDI female,GDI,Gender Development Index,0.682,2010
CHN,China,hdi_f,HDI female,GDI,Gender Development Index,0.686,2011
CHN,China,hdi_f,HDI female,GDI,Gender Development Index,0.694,2012
CHN,China,hdi_f,HDI female,GDI,Gender Development Index,0.703,2013
CHN,China,hdi_f,HDI female,GDI,Gender Development Index,0.712,2014
CHN,China,hdi_f,HDI female,GDI,Gender Development Index,0.72,2015
CHN,China,hdi_f,HDI female,GDI,Gender Development Index,0.728,2016
CHN,China,hdi_f,HDI female,GDI,Gender Development Index,0.737,2017
CHN,China,hdi_f,HDI female,GDI,Gender Development Index,0.745,2018
CHN,China,hdi_f,HDI female,GDI,Gender Development Index,0.756,2019
CHN,China,hdi_f,HDI female,GDI,Gender Development Index,0.764,2020
CHN,China,hdi_f,HDI female,GDI,Gender Development Index,0.769,2021
CHN,China,hdi_f,HDI female,GDI,Gender Development Index,0.771,2022
CHN,China,hdi_m,HDI male,GDI,Gender Development Index,0.519,1990
CHN,China,hdi_m,HDI male,GDI,Gender Development Index,0.529,1991
CHN,China,hdi_m,HDI male,GDI,Gender Development Index,0.525,1992
CHN,China,hdi_m,HDI male,GDI,Gender Development Index,0.538,1993
CHN,China,hdi_m,HDI male,GDI,Gender Development Index,0.551,1994
CHN,China,hdi_m,HDI male,GDI,Gender Development Index,0.562,1995
CHN,China,hdi_m,HDI male,GDI,Gender Development Index,0.573,1996
CHN,China,hdi_m,HDI male,GDI,Gender Development Index,0.584,1997
CHN,China,hdi_m,HDI male,GDI,Gender Development Index,0.594,1998
CHN,China,hdi_m,HDI male,GDI,Gender Development Index,0.605,1999
CHN,China,hdi_m,HDI male,GDI,Gender Development Index,0.612,2000
CHN,China,hdi_m,HDI male,GDI,Gender Development Index,0.625,2001
CHN,China,hdi_m,HDI male,GDI,Gender Development Index,0.634,2002
CHN,China,hdi_m,HDI male,GDI,Gender Development Index,0.644,2003
CHN,China,hdi_m,HDI male,GDI,Gender Development Index,0.654,2004
CHN,China,hdi_m,HDI male,GDI,Gender Development Index,0.662,2005
CHN,China,hdi_m,HDI male,GDI,Gender Development Index,0.675,2006
CHN,China,hdi_m,HDI male,GDI,Gender Development Index,0.687,2007
CHN,China,hdi_m,HDI male,GDI,Gender Development Index,0.696,2008
CHN,China,hdi_m,HDI male,GDI,Gender Development Index,0.706,2009
CHN,China,hdi_m,HDI male,GDI,Gender Development Index,0.712,2010
CHN,China,hdi_m,HDI male,GDI,Gender Development Index,0.723,2011
CHN,China,hdi_m,HDI male,GDI,Gender Development Index,0.731,2012
CHN,China,hdi_m,HDI male,GDI,Gender Development Index,0.74,2013
CHN,China,hdi_m,HDI male,GDI,Gender Development Index,0.75,2014
CHN,China,hdi_m,HDI male,GDI,Gender Development Index,0.758,2015
CHN,China,hdi_m,HDI male,GDI,Gender Development Index,0.767,2016
CHN,China,hdi_m,HDI male,GDI,Gender Development Index,0.774,2017
CHN,China,hdi_m,HDI male,GDI,Gender Development Index,0.784,2018
CHN,China,hdi_m,HDI male,GDI,Gender Development Index,0.79,2019
CHN,China,hdi_m,HDI male,GDI,Gender Development Index,0.794,2020
CHN,China,hdi_m,HDI male,GDI,Gender Development Index,0.798,2021
CHN,China,hdi_m,HDI male,GDI,Gender Development Index,0.802,2022
CHN,China,hdi_rank,HDI Rank,HDI,Human Development Index,75,2022
CHN,China,ineq_edu,Inequality in eduation,IHDI,Inequality-adjusted Human Development Index,11.68,2013
CHN,China,ineq_edu,Inequality in eduation,IHDI,Inequality-adjusted Human Development Index,11.68,2014
CHN,China,ineq_edu,Inequality in eduation,IHDI,Inequality-adjusted Human Development Index,11.68,2015
CHN,China,ineq_edu,Inequality in eduation,IHDI,Inequality-adjusted Human Development Index,11.68,2016
CHN,China,ineq_edu,Inequality in eduation,IHDI,Inequality-adjusted Human Development Index,11.68,2017
CHN,China,ineq_edu,Inequality in eduation,IHDI,Inequality-adjusted Human Development Index,10.293,2018
CHN,China,ineq_edu,Inequality in eduation,IHDI,Inequality-adjusted Human Development Index,10.293,2019
CHN,China,ineq_edu,Inequality in eduation,IHDI,Inequality-adjusted Human Development Index,10.293,2020
CHN,China,ineq_edu,Inequality in eduation,IHDI,Inequality-adjusted Human Development Index,10.293,2021
CHN,China,ineq_edu,Inequality in eduation,IHDI,Inequality-adjusted Human Development Index,10.293,2022
CHN,China,ineq_inc,Inequality in income,IHDI,Inequality-adjusted Human Development Index,31.425,2013
CHN,China,ineq_inc,Inequality in income,IHDI,Inequality-adjusted Human Development Index,28.863,2014
CHN,China,ineq_inc,Inequality in income,IHDI,Inequality-adjusted Human Development Index,30.352,2015
CHN,China,ineq_inc,Inequality in income,IHDI,Inequality-adjusted Human Development Index,30.808,2016
CHN,China,ineq_inc,Inequality in income,IHDI,Inequality-adjusted Human Development Index,31.232,2017
CHN,China,ineq_inc,Inequality in income,IHDI,Inequality-adjusted Human Development Index,31.737,2018
CHN,China,ineq_inc,Inequality in income,IHDI,Inequality-adjusted Human Development Index,30.694,2019
CHN,China,ineq_inc,Inequality in income,IHDI,Inequality-adjusted Human Development Index,30.561,2020
CHN,China,ineq_inc,Inequality in income,IHDI,Inequality-adjusted Human Development Index,30.288,2021
CHN,China,ineq_inc,Inequality in income,IHDI,Inequality-adjusted Human Development Index,30.288,2022
CHN,China,ineq_le,Inequality in life expectancy,IHDI,Inequality-adjusted Human Development Index,9.954,2010
CHN,China,ineq_le,Inequality in life expectancy,IHDI,Inequality-adjusted Human Development Index,9.345,2011
CHN,China,ineq_le,Inequality in life expectancy,IHDI,Inequality-adjusted Human Development Index,8.799,2012
CHN,China,ineq_le,Inequality in life expectancy,IHDI,Inequality-adjusted Human Development Index,8.288,2013
CHN,China,ineq_le,Inequality in life expectancy,IHDI,Inequality-adjusted Human Development Index,7.809,2014
CHN,China,ineq_le,Inequality in life expectancy,IHDI,Inequality-adjusted Human Development Index,7.361,2015
CHN,China,ineq_le,Inequality in life expectancy,IHDI,Inequality-adjusted Human Development Index,6.953,2016
CHN,China,ineq_le,Inequality in life expectancy,IHDI,Inequality-adjusted Human Development Index,6.585,2017
CHN,China,ineq_le,Inequality in life expectancy,IHDI,Inequality-adjusted Human Development Index,6.2,2018
CHN,China,ineq_le,Inequality in life expectancy,IHDI,Inequality-adjusted Human Development Index,5.864,2019
CHN,China,ineq_le,Inequality in life expectancy,IHDI,Inequality-adjusted Human Development Index,5.558,2020
CHN,China,ineq_le,Inequality in life expectancy,IHDI,Inequality-adjusted Human Development Index,5.263,2021
CHN,China,ineq_le,Inequality in life expectancy,IHDI,Inequality-adjusted Human Development Index,5.415,2022
CHN,China,le,Life Expectancy at Birth (years),HDI,Human Development Index,68.005,1990
CHN,China,le,Life Expectancy at Birth (years),HDI,Human Development Index,68.169,1991
CHN,China,le,Life Expectancy at Birth (years),HDI,Human Development Index,68.734,1992
CHN,China,le,Life Expectancy at Birth (years),HDI,Human Development Index,69.216,1993
CHN,China,le,Life Expectancy at Birth (years),HDI,Human Development Index,69.52,1994
CHN,China,le,Life Expectancy at Birth (years),HDI,Human Development Index,70.008,1995
CHN,China,le,Life Expectancy at Birth (years),HDI,Human Development Index,70.266,1996
CHN,China,le,Life Expectancy at Birth (years),HDI,Human Development Index,70.672,1997
CHN,China,le,Life Expectancy at Birth (years),HDI,Human Development Index,71.172,1998
CHN,China,le,Life Expectancy at Birth (years),HDI,Human Development Index,71.419,1999
CHN,China,le,Life Expectancy at Birth (years),HDI,Human Development Index,71.881,2000
CHN,China,le,Life Expectancy at Birth (years),HDI,Human Development Index,72.606,2001
CHN,China,le,Life Expectancy at Birth (years),HDI,Human Development Index,72.985,2002
CHN,China,le,Life Expectancy at Birth (years),HDI,Human Development Index,73.371,2003
CHN,China,le,Life Expectancy at Birth (years),HDI,Human Development Index,73.748,2004
CHN,China,le,Life Expectancy at Birth (years),HDI,Human Development Index,74.111,2005
CHN,China,le,Life Expectancy at Birth (years),HDI,Human Development Index,74.504,2006
CHN,China,le,Life Expectancy at Birth (years),HDI,Human Development Index,74.762,2007
CHN,China,le,Life Expectancy at Birth (years),HDI,Human Development Index,74.872,2008
CHN,China,le,Life Expectancy at Birth (years),HDI,Human Development Index,75.343,2009
CHN,China,le,Life Expectancy at Birth (years),HDI,Human Development Index,75.599,2010
CHN,China,le,Life Expectancy at Birth (years),HDI,Human Development Index,75.903,2011
CHN,China,le,Life Expectancy at Birth (years),HDI,Human Development Index,76.192,2012
CHN,China,le,Life Expectancy at Birth (years),HDI,Human Development Index,76.452,2013
CHN,China,le,Life Expectancy at Birth (years),HDI,Human Development Index,76.717,2014
CHN,China,le,Life Expectancy at Birth (years),HDI,Human Development Index,76.977,2015
CHN,China,le,Life Expectancy at Birth (years),HDI,Human Development Index,77.218,2016
CHN,China,le,Life Expectancy at Birth (years),HDI,Human Development Index,77.248,2017
CHN,China,le,Life Expectancy at Birth (years),HDI,Human Development Index,77.744,2018
CHN,China,le,Life Expectancy at Birth (years),HDI,Human Development Index,77.968,2019
CHN,China,le,Life Expectancy at Birth (years),HDI,Human Development Index,78.077,2020
CHN,China,le,Life Expectancy at Birth (years),HDI,Human Development Index,78.211,2021
CHN,China,le,Life Expectancy at Birth (years),HDI,Human Development Index,78.587,2022
CHN,China,le_f,"Life Expectancy at Birth, female (years)",GDI,Gender Development Index,70.424,1990
CHN,China,le_f,"Life Expectancy at Birth, female (years)",GDI,Gender Development Index,70.333,1991
CHN,China,le_f,"Life Expectancy at Birth, female (years)",GDI,Gender Development Index,70.965,1992
CHN,China,le_f,"Life Expectancy at Birth, female (years)",GDI,Gender Development Index,71.548,1993
CHN,China,le_f,"Life Expectancy at Birth, female (years)",GDI,Gender Development Index,71.736,1994
CHN,China,le_f,"Life Expectancy at Birth, female (years)",GDI,Gender Development Index,72.308,1995
CHN,China,le_f,"Life Expectancy at Birth, female (years)",GDI,Gender Development Index,72.503,1996
CHN,China,le_f,"Life Expectancy at Birth, female (years)",GDI,Gender Development Index,72.915,1997
CHN,China,le_f,"Life Expectancy at Birth, female (years)",GDI,Gender Development Index,73.587,1998
CHN,China,le_f,"Life Expectancy at Birth, female (years)",GDI,Gender Development Index,73.582,1999
CHN,China,le_f,"Life Expectancy at Birth, female (years)",GDI,Gender Development Index,74.189,2000
CHN,China,le_f,"Life Expectancy at Birth, female (years)",GDI,Gender Development Index,75.258,2001
CHN,China,le_f,"Life Expectancy at Birth, female (years)",GDI,Gender Development Index,75.64,2002
CHN,China,le_f,"Life Expectancy at Birth, female (years)",GDI,Gender Development Index,76.044,2003
CHN,China,le_f,"Life Expectancy at Birth, female (years)",GDI,Gender Development Index,76.433,2004
CHN,China,le_f,"Life Expectancy at Birth, female (years)",GDI,Gender Development Index,76.819,2005
CHN,China,le_f,"Life Expectancy at Birth, female (years)",GDI,Gender Development Index,77.167,2006
CHN,China,le_f,"Life Expectancy at Birth, female (years)",GDI,Gender Development Index,77.492,2007
CHN,China,le_f,"Life Expectancy at Birth, female (years)",GDI,Gender Development Index,77.562,2008
CHN,China,le_f,"Life Expectancy at Birth, female (years)",GDI,Gender Development Index,78.066,2009
CHN,China,le_f,"Life Expectancy at Birth, female (years)",GDI,Gender Development Index,78.326,2010
CHN,China,le_f,"Life Expectancy at Birth, female (years)",GDI,Gender Development Index,78.644,2011
CHN,China,le_f,"Life Expectancy at Birth, female (years)",GDI,Gender Development Index,78.983,2012
CHN,China,le_f,"Life Expectancy at Birth, female (years)",GDI,Gender Development Index,79.223,2013
CHN,China,le_f,"Life Expectancy at Birth, female (years)",GDI,Gender Development Index,79.499,2014
CHN,China,le_f,"Life Expectancy at Birth, female (years)",GDI,Gender Development Index,79.772,2015
CHN,China,le_f,"Life Expectancy at Birth, female (years)",GDI,Gender Development Index,80.053,2016
CHN,China,le_f,"Life Expectancy at Birth, female (years)",GDI,Gender Development Index,80.321,2017
CHN,China,le_f,"Life Expectancy at Birth, female (years)",GDI,Gender Development Index,80.637,2018
CHN,China,le_f,"Life Expectancy at Birth, female (years)",GDI,Gender Development Index,80.816,2019
CHN,China,le_f,"Life Expectancy at Birth, female (years)",GDI,Gender Development Index,81.058,2020
CHN,China,le_f,"Life Expectancy at Birth, female (years)",GDI,Gender Development Index,81.155,2021
CHN,China,le_f,"Life Expectancy at Birth, female (years)",GDI,Gender Development Index,81.343,2022
CHN,China,le_m,"Life Expectancy at Birth, male (years)",GDI,Gender Development Index,65.714,1990
CHN,China,le_m,"Life Expectancy at Birth, male (years)",GDI,Gender Development Index,66.099,1991
CHN,China,le_m,"Life Expectancy at Birth, male (years)",GDI,Gender Development Index,66.608,1992
CHN,China,le_m,"Life Expectancy at Birth, male (years)",GDI,Gender Development Index,67.006,1993
CHN,China,le_m,"Life Expectancy at Birth, male (years)",GDI,Gender Development Index,67.414,1994
CHN,China,le_m,"Life Expectancy at Birth, male (years)",GDI,Gender Development Index,67.833,1995
CHN,China,le_m,"Life Expectancy at Birth, male (years)",GDI,Gender Development Index,68.152,1996
CHN,China,le_m,"Life Expectancy at Birth, male (years)",GDI,Gender Development Index,68.558,1997
CHN,China,le_m,"Life Expectancy at Birth, male (years)",GDI,Gender Development Index,68.916,1998
CHN,China,le_m,"Life Expectancy at Birth, male (years)",GDI,Gender Development Index,69.38,1999
CHN,China,le_m,"Life Expectancy at Birth, male (years)",GDI,Gender Development Index,69.723,2000
CHN,China,le_m,"Life Expectancy at Birth, male (years)",GDI,Gender Development Index,70.162,2001
CHN,China,le_m,"Life Expectancy at Birth, male (years)",GDI,Gender Development Index,70.538,2002
CHN,China,le_m,"Life Expectancy at Birth, male (years)",GDI,Gender Development Index,70.91,2003
CHN,China,le_m,"Life Expectancy at Birth, male (years)",GDI,Gender Development Index,71.275,2004
CHN,China,le_m,"Life Expectancy at Birth, male (years)",GDI,Gender Development Index,71.619,2005
CHN,China,le_m,"Life Expectancy at Birth, male (years)",GDI,Gender Development Index,72.043,2006
CHN,China,le_m,"Life Expectancy at Birth, male (years)",GDI,Gender Development Index,72.248,2007
CHN,China,le_m,"Life Expectancy at Birth, male (years)",GDI,Gender Development Index,72.389,2008
CHN,China,le_m,"Life Expectancy at Birth, male (years)",GDI,Gender Development Index,72.831,2009
CHN,China,le_m,"Life Expectancy at Birth, male (years)",GDI,Gender Development Index,73.08,2010
CHN,China,le_m,"Life Expectancy at Birth, male (years)",GDI,Gender Development Index,73.368,2011
CHN,China,le_m,"Life Expectancy at Birth, male (years)",GDI,Gender Development Index,73.613,2012
CHN,China,le_m,"Life Expectancy at Birth, male (years)",GDI,Gender Development Index,73.884,2013
CHN,China,le_m,"Life Expectancy at Birth, male (years)",GDI,Gender Development Index,74.134,2014
CHN,China,le_m,"Life Expectancy at Birth, male (years)",GDI,Gender Development Index,74.379,2015
CHN,China,le_m,"Life Expectancy at Birth, male (years)",GDI,Gender Development Index,74.582,2016
CHN,China,le_m,"Life Expectancy at Birth, male (years)",GDI,Gender Development Index,74.433,2017
CHN,China,le_m,"Life Expectancy at Birth, male (years)",GDI,Gender Development Index,75.046,2018
CHN,China,le_m,"Life Expectancy at Birth, male (years)",GDI,Gender Development Index,75.298,2019
CHN,China,le_m,"Life Expectancy at Birth, male (years)",GDI,Gender Development Index,75.305,2020
CHN,China,le_m,"Life Expectancy at Birth, male (years)",GDI,Gender Development Index,75.463,2021
CHN,China,le_m,"Life Expectancy at Birth, male (years)",GDI,Gender Development Index,75.963,2022
CHN,China,lfpr_f,"Labour force participation rate, female (% ages 15 and older)",GII,Gender Inequality Index,73.02,1990
CHN,China,lfpr_f,"Labour force participation rate, female (% ages 15 and older)",GII,Gender Inequality Index,53.82,1991
CHN,China,lfpr_f,"Labour force participation rate, female (% ages 15 and older)",GII,Gender Inequality Index,55.7,1992
CHN,China,lfpr_f,"Labour force participation rate, female (% ages 15 and older)",GII,Gender Inequality Index,54.39,1993
CHN,China,lfpr_f,"Labour force participation rate, female (% ages 15 and older)",GII,Gender Inequality Index,54.6,1994
CHN,China,lfpr_f,"Labour force participation rate, female (% ages 15 and older)",GII,Gender Inequality Index,56.95,1995
CHN,China,lfpr_f,"Labour force participation rate, female (% ages 15 and older)",GII,Gender Inequality Index,56.72,1996
CHN,China,lfpr_f,"Labour force participation rate, female (% ages 15 and older)",GII,Gender Inequality Index,56.41,1997
CHN,China,lfpr_f,"Labour force participation rate, female (% ages 15 and older)",GII,Gender Inequality Index,57.26,1998
CHN,China,lfpr_f,"Labour force participation rate, female (% ages 15 and older)",GII,Gender Inequality Index,58.03,1999
CHN,China,lfpr_f,"Labour force participation rate, female (% ages 15 and older)",GII,Gender Inequality Index,70.57,2000
CHN,China,lfpr_f,"Labour force participation rate, female (% ages 15 and older)",GII,Gender Inequality Index,56.72,2001
CHN,China,lfpr_f,"Labour force participation rate, female (% ages 15 and older)",GII,Gender Inequality Index,56.68,2002
CHN,China,lfpr_f,"Labour force participation rate, female (% ages 15 and older)",GII,Gender Inequality Index,56.26,2003
CHN,China,lfpr_f,"Labour force participation rate, female (% ages 15 and older)",GII,Gender Inequality Index,56.25,2004
CHN,China,lfpr_f,"Labour force participation rate, female (% ages 15 and older)",GII,Gender Inequality Index,56.44,2005
CHN,China,lfpr_f,"Labour force participation rate, female (% ages 15 and older)",GII,Gender Inequality Index,56.59,2006
CHN,China,lfpr_f,"Labour force participation rate, female (% ages 15 and older)",GII,Gender Inequality Index,57.28,2007
CHN,China,lfpr_f,"Labour force participation rate, female (% ages 15 and older)",GII,Gender Inequality Index,57.47,2008
CHN,China,lfpr_f,"Labour force participation rate, female (% ages 15 and older)",GII,Gender Inequality Index,57.74,2009
CHN,China,lfpr_f,"Labour force participation rate, female (% ages 15 and older)",GII,Gender Inequality Index,63.73,2010
CHN,China,lfpr_f,"Labour force participation rate, female (% ages 15 and older)",GII,Gender Inequality Index,55.62,2011
CHN,China,lfpr_f,"Labour force participation rate, female (% ages 15 and older)",GII,Gender Inequality Index,55.57,2012
CHN,China,lfpr_f,"Labour force participation rate, female (% ages 15 and older)",GII,Gender Inequality Index,55.46,2013
CHN,China,lfpr_f,"Labour force participation rate, female (% ages 15 and older)",GII,Gender Inequality Index,55.29,2014
CHN,China,lfpr_f,"Labour force participation rate, female (% ages 15 and older)",GII,Gender Inequality Index,55.54,2015
CHN,China,lfpr_f,"Labour force participation rate, female (% ages 15 and older)",GII,Gender Inequality Index,55.58,2016
CHN,China,lfpr_f,"Labour force participation rate, female (% ages 15 and older)",GII,Gender Inequality Index,55.28,2017
CHN,China,lfpr_f,"Labour force participation rate, female (% ages 15 and older)",GII,Gender Inequality Index,55.5,2018
CHN,China,lfpr_f,"Labour force participation rate, female (% ages 15 and older)",GII,Gender Inequality Index,55.63,2019
CHN,China,lfpr_f,"Labour force participation rate, female (% ages 15 and older)",GII,Gender Inequality Index,53.17,2020
CHN,China,lfpr_f,"Labour force participation rate, female (% ages 15 and older)",GII,Gender Inequality Index,53.76,2021
CHN,China,lfpr_f,"Labour force participation rate, female (% ages 15 and older)",GII,Gender Inequality Index,53.76,2022
CHN,China,lfpr_m,"Labour force participation rate, male (% ages 15 and older)",GII,Gender Inequality Index,85.03,1990
CHN,China,lfpr_m,"Labour force participation rate, male (% ages 15 and older)",GII,Gender Inequality Index,81.61,1991
CHN,China,lfpr_m,"Labour force participation rate, male (% ages 15 and older)",GII,Gender Inequality Index,81.95,1992
CHN,China,lfpr_m,"Labour force participation rate, male (% ages 15 and older)",GII,Gender Inequality Index,81.68,1993
CHN,China,lfpr_m,"Labour force participation rate, male (% ages 15 and older)",GII,Gender Inequality Index,81.39,1994
CHN,China,lfpr_m,"Labour force participation rate, male (% ages 15 and older)",GII,Gender Inequality Index,80.59,1995
CHN,China,lfpr_m,"Labour force participation rate, male (% ages 15 and older)",GII,Gender Inequality Index,79.81,1996
CHN,China,lfpr_m,"Labour force participation rate, male (% ages 15 and older)",GII,Gender Inequality Index,79.49,1997
CHN,China,lfpr_m,"Labour force participation rate, male (% ages 15 and older)",GII,Gender Inequality Index,79.32,1998
CHN,China,lfpr_m,"Labour force participation rate, male (% ages 15 and older)",GII,Gender Inequality Index,79.61,1999
CHN,China,lfpr_m,"Labour force participation rate, male (% ages 15 and older)",GII,Gender Inequality Index,82.94,2000
CHN,China,lfpr_m,"Labour force participation rate, male (% ages 15 and older)",GII,Gender Inequality Index,79.72,2001
CHN,China,lfpr_m,"Labour force participation rate, male (% ages 15 and older)",GII,Gender Inequality Index,79.41,2002
CHN,China,lfpr_m,"Labour force participation rate, male (% ages 15 and older)",GII,Gender Inequality Index,78.87,2003
CHN,China,lfpr_m,"Labour force participation rate, male (% ages 15 and older)",GII,Gender Inequality Index,79.02,2004
CHN,China,lfpr_m,"Labour force participation rate, male (% ages 15 and older)",GII,Gender Inequality Index,78.85,2005
CHN,China,lfpr_m,"Labour force participation rate, male (% ages 15 and older)",GII,Gender Inequality Index,78.77,2006
CHN,China,lfpr_m,"Labour force participation rate, male (% ages 15 and older)",GII,Gender Inequality Index,79,2007
CHN,China,lfpr_m,"Labour force participation rate, male (% ages 15 and older)",GII,Gender Inequality Index,79.14,2008
CHN,China,lfpr_m,"Labour force participation rate, male (% ages 15 and older)",GII,Gender Inequality Index,79.2,2009
CHN,China,lfpr_m,"Labour force participation rate, male (% ages 15 and older)",GII,Gender Inequality Index,78.16,2010
CHN,China,lfpr_m,"Labour force participation rate, male (% ages 15 and older)",GII,Gender Inequality Index,77.32,2011
CHN,China,lfpr_m,"Labour force participation rate, male (% ages 15 and older)",GII,Gender Inequality Index,77.22,2012
CHN,China,lfpr_m,"Labour force participation rate, male (% ages 15 and older)",GII,Gender Inequality Index,77.09,2013
CHN,China,lfpr_m,"Labour force participation rate, male (% ages 15 and older)",GII,Gender Inequality Index,76.87,2014
CHN,China,lfpr_m,"Labour force participation rate, male (% ages 15 and older)",GII,Gender Inequality Index,76.89,2015
CHN,China,lfpr_m,"Labour force participation rate, male (% ages 15 and older)",GII,Gender Inequality Index,76.64,2016
CHN,China,lfpr_m,"Labour force participation rate, male (% ages 15 and older)",GII,Gender Inequality Index,76.18,2017
CHN,China,lfpr_m,"Labour force participation rate, male (% ages 15 and older)",GII,Gender Inequality Index,76.29,2018
CHN,China,lfpr_m,"Labour force participation rate, male (% ages 15 and older)",GII,Gender Inequality Index,76.13,2019
CHN,China,lfpr_m,"Labour force participation rate, male (% ages 15 and older)",GII,Gender Inequality Index,74.04,2020
CHN,China,lfpr_m,"Labour force participation rate, male (% ages 15 and older)",GII,Gender Inequality Index,74.54,2021
CHN,China,lfpr_m,"Labour force participation rate, male (% ages 15 and older)",GII,Gender Inequality Index,74.54,2022
CHN,China,loss,Overall loss (%),IHDI,Inequality-adjusted Human Development Index,17.842,2013
CHN,China,loss,Overall loss (%),IHDI,Inequality-adjusted Human Development Index,16.53,2014
CHN,China,loss,Overall loss (%),IHDI,Inequality-adjusted Human Development Index,17.139,2015
CHN,China,loss,Overall loss (%),IHDI,Inequality-adjusted Human Development Index,17.089,2016
CHN,China,loss,Overall loss (%),IHDI,Inequality-adjusted Human Development Index,17.173,2017
CHN,China,loss,Overall loss (%),IHDI,Inequality-adjusted Human Development Index,16.841,2018
CHN,China,loss,Overall loss (%),IHDI,Inequality-adjusted Human Development Index,16.387,2019
CHN,China,loss,Overall loss (%),IHDI,Inequality-adjusted Human Development Index,16.261,2020
CHN,China,loss,Overall loss (%),IHDI,Inequality-adjusted Human Development Index,16.051,2021
CHN,China,loss,Overall loss (%),IHDI,Inequality-adjusted Human Development Index,15.99,2022
CHN,China,mf,Material footprint per capita (tonnes),PHDI,Planetary pressures–adjusted Human Development Index,5.229,1990
CHN,China,mf,Material footprint per capita (tonnes),PHDI,Planetary pressures–adjusted Human Development Index,5.359,1991
CHN,China,mf,Material footprint per capita (tonnes),PHDI,Planetary pressures–adjusted Human Development Index,6.109,1992
CHN,China,mf,Material footprint per capita (tonnes),PHDI,Planetary pressures–adjusted Human Development Index,6.822,1993
CHN,China,mf,Material footprint per capita (tonnes),PHDI,Planetary pressures–adjusted Human Development Index,7.052,1994
CHN,China,mf,Material footprint per capita (tonnes),PHDI,Planetary pressures–adjusted Human Development Index,7.51,1995
CHN,China,mf,Material footprint per capita (tonnes),PHDI,Planetary pressures–adjusted Human Development Index,7.719,1996
CHN,China,mf,Material footprint per capita (tonnes),PHDI,Planetary pressures–adjusted Human Development Index,7.731,1997
CHN,China,mf,Material footprint per capita (tonnes),PHDI,Planetary pressures–adjusted Human Development Index,7.967,1998
CHN,China,mf,Material footprint per capita (tonnes),PHDI,Planetary pressures–adjusted Human Development Index,8.297,1999
CHN,China,mf,Material footprint per capita (tonnes),PHDI,Planetary pressures–adjusted Human Development Index,8.473,2000
CHN,China,mf,Material footprint per capita (tonnes),PHDI,Planetary pressures–adjusted Human Development Index,9.023,2001
CHN,China,mf,Material footprint per capita (tonnes),PHDI,Planetary pressures–adjusted Human Development Index,9.51,2002
CHN,China,mf,Material footprint per capita (tonnes),PHDI,Planetary pressures–adjusted Human Development Index,9.931,2003
CHN,China,mf,Material footprint per capita (tonnes),PHDI,Planetary pressures–adjusted Human Development Index,10.875,2004
CHN,China,mf,Material footprint per capita (tonnes),PHDI,Planetary pressures–adjusted Human Development Index,11.555,2005
CHN,China,mf,Material footprint per capita (tonnes),PHDI,Planetary pressures–adjusted Human Development Index,12.765,2006
CHN,China,mf,Material footprint per capita (tonnes),PHDI,Planetary pressures–adjusted Human Development Index,13.69,2007
CHN,China,mf,Material footprint per capita (tonnes),PHDI,Planetary pressures–adjusted Human Development Index,14.4,2008
CHN,China,mf,Material footprint per capita (tonnes),PHDI,Planetary pressures–adjusted Human Development Index,16.532,2009
CHN,China,mf,Material footprint per capita (tonnes),PHDI,Planetary pressures–adjusted Human Development Index,18.432,2010
CHN,China,mf,Material footprint per capita (tonnes),PHDI,Planetary pressures–adjusted Human Development Index,20.296,2011
CHN,China,mf,Material footprint per capita (tonnes),PHDI,Planetary pressures–adjusted Human Development Index,21.295,2012
CHN,China,mf,Material footprint per capita (tonnes),PHDI,Planetary pressures–adjusted Human Development Index,22.86,2013
CHN,China,mf,Material footprint per capita (tonnes),PHDI,Planetary pressures–adjusted Human Development Index,23.329,2014
CHN,China,mf,Material footprint per capita (tonnes),PHDI,Planetary pressures–adjusted Human Development Index,22.859,2015
CHN,China,mf,Material footprint per capita (tonnes),PHDI,Planetary pressures–adjusted Human Development Index,22.683,2016
CHN,China,mf,Material footprint per capita (tonnes),PHDI,Planetary pressures–adjusted Human Development Index,22.697,2017
CHN,China,mf,Material footprint per capita (tonnes),PHDI,Planetary pressures–adjusted Human Development Index,22.58,2018
CHN,China,mf,Material footprint per capita (tonnes),PHDI,Planetary pressures–adjusted Human Development Index,21.944,2019
CHN,China,mf,Material footprint per capita (tonnes),PHDI,Planetary pressures–adjusted Human Development Index,23.089,2020
CHN,China,mf,Material footprint per capita (tonnes),PHDI,Planetary pressures–adjusted Human Development Index,23.947,2021
CHN,China,mf,Material footprint per capita (tonnes),PHDI,Planetary pressures–adjusted Human Development Index,24.283,2022
CHN,China,mmr,"Maternal Mortality Ratio (deaths per 100,000 live births)",GII,Gender Inequality Index,85.918,1990
CHN,China,mmr,"Maternal Mortality Ratio (deaths per 100,000 live births)",GII,Gender Inequality Index,87.938,1991
CHN,China,mmr,"Maternal Mortality Ratio (deaths per 100,000 live births)",GII,Gender Inequality Index,89.695,1992
CHN,China,mmr,"Maternal Mortality Ratio (deaths per 100,000 live births)",GII,Gender Inequality Index,78.226,1993
CHN,China,mmr,"Maternal Mortality Ratio (deaths per 100,000 live births)",GII,Gender Inequality Index,79.014,1994
CHN,China,mmr,"Maternal Mortality Ratio (deaths per 100,000 live births)",GII,Gender Inequality Index,76.269,1995
CHN,China,mmr,"Maternal Mortality Ratio (deaths per 100,000 live births)",GII,Gender Inequality Index,66.499,1996
CHN,China,mmr,"Maternal Mortality Ratio (deaths per 100,000 live births)",GII,Gender Inequality Index,65.698,1997
CHN,China,mmr,"Maternal Mortality Ratio (deaths per 100,000 live births)",GII,Gender Inequality Index,63.091,1998
CHN,China,mmr,"Maternal Mortality Ratio (deaths per 100,000 live births)",GII,Gender Inequality Index,64.218,1999
CHN,China,mmr,"Maternal Mortality Ratio (deaths per 100,000 live births)",GII,Gender Inequality Index,58.064,2000
CHN,China,mmr,"Maternal Mortality Ratio (deaths per 100,000 live births)",GII,Gender Inequality Index,55.31,2001
CHN,China,mmr,"Maternal Mortality Ratio (deaths per 100,000 live births)",GII,Gender Inequality Index,53.82,2002
CHN,China,mmr,"Maternal Mortality Ratio (deaths per 100,000 live births)",GII,Gender Inequality Index,43.348,2003
CHN,China,mmr,"Maternal Mortality Ratio (deaths per 100,000 live births)",GII,Gender Inequality Index,48.777,2004
CHN,China,mmr,"Maternal Mortality Ratio (deaths per 100,000 live births)",GII,Gender Inequality Index,45.592,2005
CHN,China,mmr,"Maternal Mortality Ratio (deaths per 100,000 live births)",GII,Gender Inequality Index,42.554,2006
CHN,China,mmr,"Maternal Mortality Ratio (deaths per 100,000 live births)",GII,Gender Inequality Index,39.319,2007
CHN,China,mmr,"Maternal Mortality Ratio (deaths per 100,000 live births)",GII,Gender Inequality Index,38.177,2008
CHN,China,mmr,"Maternal Mortality Ratio (deaths per 100,000 live births)",GII,Gender Inequality Index,34.051,2009
CHN,China,mmr,"Maternal Mortality Ratio (deaths per 100,000 live births)",GII,Gender Inequality Index,33.223,2010
CHN,China,mmr,"Maternal Mortality Ratio (deaths per 100,000 live births)",GII,Gender Inequality Index,32.182,2011
CHN,China,mmr,"Maternal Mortality Ratio (deaths per 100,000 live births)",GII,Gender Inequality Index,28.444,2012
CHN,China,mmr,"Maternal Mortality Ratio (deaths per 100,000 live births)",GII,Gender Inequality Index,28.297,2013
CHN,China,mmr,"Maternal Mortality Ratio (deaths per 100,000 live births)",GII,Gender Inequality Index,25.822,2014
CHN,China,mmr,"Maternal Mortality Ratio (deaths per 100,000 live births)",GII,Gender Inequality Index,25.981,2015
CHN,China,mmr,"Maternal Mortality Ratio (deaths per 100,000 live births)",GII,Gender Inequality Index,23.313,2016
CHN,China,mmr,"Maternal Mortality Ratio (deaths per 100,000 live births)",GII,Gender Inequality Index,21.872,2017
CHN,China,mmr,"Maternal Mortality Ratio (deaths per 100,000 live births)",GII,Gender Inequality Index,20.356,2018
CHN,China,mmr,"Maternal Mortality Ratio (deaths per 100,000 live births)",GII,Gender Inequality Index,20.397,2019
CHN,China,mmr,"Maternal Mortality Ratio (deaths per 100,000 live births)",GII,Gender Inequality Index,23.048,2020
CHN,China,mmr,"Maternal Mortality Ratio (deaths per 100,000 live births)",GII,Gender Inequality Index,23.048,2021
CHN,China,mmr,"Maternal Mortality Ratio (deaths per 100,000 live births)",GII,Gender Inequality Index,23.048,2022
CHN,China,mpi_rank,MPI Value (Range: 0 to 1),MPI,Multidimensional Poverty Index,0.016,2014
CHN,China,mys,Mean Years of Schooling (years),HDI,Human Development Index,4.144,1990
CHN,China,mys,Mean Years of Schooling (years),HDI,Human Development Index,4.322,1991
CHN,China,mys,Mean Years of Schooling (years),HDI,Human Development Index,4.501,1992
CHN,China,mys,Mean Years of Schooling (years),HDI,Human Development Index,4.679,1993
CHN,China,mys,Mean Years of Schooling (years),HDI,Human Development Index,4.858,1994
CHN,China,mys,Mean Years of Schooling (years),HDI,Human Development Index,5.036,1995
CHN,China,mys,Mean Years of Schooling (years),HDI,Human Development Index,5.215,1996
CHN,China,mys,Mean Years of Schooling (years),HDI,Human Development Index,5.393,1997
CHN,China,mys,Mean Years of Schooling (years),HDI,Human Development Index,5.572,1998
CHN,China,mys,Mean Years of Schooling (years),HDI,Human Development Index,5.75,1999
CHN,China,mys,Mean Years of Schooling (years),HDI,Human Development Index,5.929,2000
CHN,China,mys,Mean Years of Schooling (years),HDI,Human Development Index,6.008,2001
CHN,China,mys,Mean Years of Schooling (years),HDI,Human Development Index,6.088,2002
CHN,China,mys,Mean Years of Schooling (years),HDI,Human Development Index,6.168,2003
CHN,China,mys,Mean Years of Schooling (years),HDI,Human Development Index,6.248,2004
CHN,China,mys,Mean Years of Schooling (years),HDI,Human Development Index,6.328,2005
CHN,China,mys,Mean Years of Schooling (years),HDI,Human Development Index,6.407,2006
CHN,China,mys,Mean Years of Schooling (years),HDI,Human Development Index,6.487,2007
CHN,China,mys,Mean Years of Schooling (years),HDI,Human Development Index,6.567,2008
CHN,China,mys,Mean Years of Schooling (years),HDI,Human Development Index,6.647,2009
CHN,China,mys,Mean Years of Schooling (years),HDI,Human Development Index,6.726,2010
CHN,China,mys,Mean Years of Schooling (years),HDI,Human Development Index,6.863,2011
CHN,China,mys,Mean Years of Schooling (years),HDI,Human Development Index,6.999,2012
CHN,China,mys,Mean Years of Schooling (years),HDI,Human Development Index,7.135,2013
CHN,China,mys,Mean Years of Schooling (years),HDI,Human Development Index,7.272,2014
CHN,China,mys,Mean Years of Schooling (years),HDI,Human Development Index,7.408,2015
CHN,China,mys,Mean Years of Schooling (years),HDI,Human Development Index,7.544,2016
CHN,China,mys,Mean Years of Schooling (years),HDI,Human Development Index,7.68,2017
CHN,China,mys,Mean Years of Schooling (years),HDI,Human Development Index,7.817,2018
CHN,China,mys,Mean Years of Schooling (years),HDI,Human Development Index,7.96,2019
CHN,China,mys,Mean Years of Schooling (years),HDI,Human Development Index,8.107,2020
CHN,China,mys,Mean Years of Schooling (years),HDI,Human Development Index,8.107,2021
CHN,China,mys,Mean Years of Schooling (years),HDI,Human Development Index,8.107,2022
CHN,China,mys_f,"Mean Years of Schooling, female (years)",GDI,Gender Development Index,3.678,1990
CHN,China,mys_f,"Mean Years of Schooling, female (years)",GDI,Gender Development Index,3.837,1991
CHN,China,mys_f,"Mean Years of Schooling, female (years)",GDI,Gender Development Index,3.995,1992
CHN,China,mys_f,"Mean Years of Schooling, female (years)",GDI,Gender Development Index,4.154,1993
CHN,China,mys_f,"Mean Years of Schooling, female (years)",GDI,Gender Development Index,4.312,1994
CHN,China,mys_f,"Mean Years of Schooling, female (years)",GDI,Gender Development Index,4.471,1995
CHN,China,mys_f,"Mean Years of Schooling, female (years)",GDI,Gender Development Index,4.629,1996
CHN,China,mys_f,"Mean Years of Schooling, female (years)",GDI,Gender Development Index,4.788,1997
CHN,China,mys_f,"Mean Years of Schooling, female (years)",GDI,Gender Development Index,4.946,1998
CHN,China,mys_f,"Mean Years of Schooling, female (years)",GDI,Gender Development Index,5.104,1999
CHN,China,mys_f,"Mean Years of Schooling, female (years)",GDI,Gender Development Index,5.263,2000
CHN,China,mys_f,"Mean Years of Schooling, female (years)",GDI,Gender Development Index,5.361,2001
CHN,China,mys_f,"Mean Years of Schooling, female (years)",GDI,Gender Development Index,5.459,2002
CHN,China,mys_f,"Mean Years of Schooling, female (years)",GDI,Gender Development Index,5.557,2003
CHN,China,mys_f,"Mean Years of Schooling, female (years)",GDI,Gender Development Index,5.655,2004
CHN,China,mys_f,"Mean Years of Schooling, female (years)",GDI,Gender Development Index,5.753,2005
CHN,China,mys_f,"Mean Years of Schooling, female (years)",GDI,Gender Development Index,5.851,2006
CHN,China,mys_f,"Mean Years of Schooling, female (years)",GDI,Gender Development Index,5.949,2007
CHN,China,mys_f,"Mean Years of Schooling, female (years)",GDI,Gender Development Index,6.047,2008
CHN,China,mys_f,"Mean Years of Schooling, female (years)",GDI,Gender Development Index,6.145,2009
CHN,China,mys_f,"Mean Years of Schooling, female (years)",GDI,Gender Development Index,6.243,2010
CHN,China,mys_f,"Mean Years of Schooling, female (years)",GDI,Gender Development Index,6.329,2011
CHN,China,mys_f,"Mean Years of Schooling, female (years)",GDI,Gender Development Index,6.415,2012
CHN,China,mys_f,"Mean Years of Schooling, female (years)",GDI,Gender Development Index,6.501,2013
CHN,China,mys_f,"Mean Years of Schooling, female (years)",GDI,Gender Development Index,6.587,2014
CHN,China,mys_f,"Mean Years of Schooling, female (years)",GDI,Gender Development Index,6.672,2015
CHN,China,mys_f,"Mean Years of Schooling, female (years)",GDI,Gender Development Index,6.758,2016
CHN,China,mys_f,"Mean Years of Schooling, female (years)",GDI,Gender Development Index,6.844,2017
CHN,China,mys_f,"Mean Years of Schooling, female (years)",GDI,Gender Development Index,6.93,2018
CHN,China,mys_f,"Mean Years of Schooling, female (years)",GDI,Gender Development Index,7.25,2019
CHN,China,mys_f,"Mean Years of Schooling, female (years)",GDI,Gender Development Index,7.543,2020
CHN,China,mys_f,"Mean Years of Schooling, female (years)",GDI,Gender Development Index,7.543,2021
CHN,China,mys_f,"Mean Years of Schooling, female (years)",GDI,Gender Development Index,7.543,2022
CHN,China,mys_m,"Mean Years of Schooling, male (years)",GDI,Gender Development Index,4.59,1990
CHN,China,mys_m,"Mean Years of Schooling, male (years)",GDI,Gender Development Index,4.788,1991
CHN,China,mys_m,"Mean Years of Schooling, male (years)",GDI,Gender Development Index,4.985,1992
CHN,China,mys_m,"Mean Years of Schooling, male (years)",GDI,Gender Development Index,5.183,1993
CHN,China,mys_m,"Mean Years of Schooling, male (years)",GDI,Gender Development Index,5.381,1994
CHN,China,mys_m,"Mean Years of Schooling, male (years)",GDI,Gender Development Index,5.579,1995
CHN,China,mys_m,"Mean Years of Schooling, male (years)",GDI,Gender Development Index,5.776,1996
CHN,China,mys_m,"Mean Years of Schooling, male (years)",GDI,Gender Development Index,5.974,1997
CHN,China,mys_m,"Mean Years of Schooling, male (years)",GDI,Gender Development Index,6.172,1998
CHN,China,mys_m,"Mean Years of Schooling, male (years)",GDI,Gender Development Index,6.369,1999
CHN,China,mys_m,"Mean Years of Schooling, male (years)",GDI,Gender Development Index,6.567,2000
CHN,China,mys_m,"Mean Years of Schooling, male (years)",GDI,Gender Development Index,6.63,2001
CHN,China,mys_m,"Mean Years of Schooling, male (years)",GDI,Gender Development Index,6.694,2002
CHN,China,mys_m,"Mean Years of Schooling, male (years)",GDI,Gender Development Index,6.757,2003
CHN,China,mys_m,"Mean Years of Schooling, male (years)",GDI,Gender Development Index,6.82,2004
CHN,China,mys_m,"Mean Years of Schooling, male (years)",GDI,Gender Development Index,6.884,2005
CHN,China,mys_m,"Mean Years of Schooling, male (years)",GDI,Gender Development Index,6.947,2006
CHN,China,mys_m,"Mean Years of Schooling, male (years)",GDI,Gender Development Index,7.01,2007
CHN,China,mys_m,"Mean Years of Schooling, male (years)",GDI,Gender Development Index,7.073,2008
CHN,China,mys_m,"Mean Years of Schooling, male (years)",GDI,Gender Development Index,7.137,2009
CHN,China,mys_m,"Mean Years of Schooling, male (years)",GDI,Gender Development Index,7.2,2010
CHN,China,mys_m,"Mean Years of Schooling, male (years)",GDI,Gender Development Index,7.384,2011
CHN,China,mys_m,"Mean Years of Schooling, male (years)",GDI,Gender Development Index,7.568,2012
CHN,China,mys_m,"Mean Years of Schooling, male (years)",GDI,Gender Development Index,7.751,2013
CHN,China,mys_m,"Mean Years of Schooling, male (years)",GDI,Gender Development Index,7.935,2014
CHN,China,mys_m,"Mean Years of Schooling, male (years)",GDI,Gender Development Index,8.119,2015
CHN,China,mys_m,"Mean Years of Schooling, male (years)",GDI,Gender Development Index,8.303,2016
CHN,China,mys_m,"Mean Years of Schooling, male (years)",GDI,Gender Development Index,8.487,2017
CHN,China,mys_m,"Mean Years of Schooling, male (years)",GDI,Gender Development Index,8.671,2018
CHN,China,mys_m,"Mean Years of Schooling, male (years)",GDI,Gender Development Index,8.671,2019
CHN,China,mys_m,"Mean Years of Schooling, male (years)",GDI,Gender Development Index,8.671,2020
CHN,China,mys_m,"Mean Years of Schooling, male (years)",GDI,Gender Development Index,8.671,2021
CHN,China,mys_m,"Mean Years of Schooling, male (years)",GDI,Gender Development Index,8.671,2022
CHN,China,nutrition,Nutrition (%),MPI,Multidimensional Poverty Index,34.877,2014
CHN,China,pr_f,"Share of seats in parliament, female (% held by women)",GII,Gender Inequality Index,21.819,1998
CHN,China,pr_f,"Share of seats in parliament, female (% held by women)",GII,Gender Inequality Index,21.819,1999
CHN,China,pr_f,"Share of seats in parliament, female (% held by women)",GII,Gender Inequality Index,21.783,2000
CHN,China,pr_f,"Share of seats in parliament, female (% held by women)",GII,Gender Inequality Index,21.783,2001
CHN,China,pr_f,"Share of seats in parliament, female (% held by women)",GII,Gender Inequality Index,21.783,2002
CHN,China,pr_f,"Share of seats in parliament, female (% held by women)",GII,Gender Inequality Index,20.235,2003
CHN,China,pr_f,"Share of seats in parliament, female (% held by women)",GII,Gender Inequality Index,20.235,2004
CHN,China,pr_f,"Share of seats in parliament, female (% held by women)",GII,Gender Inequality Index,20.268,2005
CHN,China,pr_f,"Share of seats in parliament, female (% held by women)",GII,Gender Inequality Index,20.268,2006
CHN,China,pr_f,"Share of seats in parliament, female (% held by women)",GII,Gender Inequality Index,20.621,2007
CHN,China,pr_f,"Share of seats in parliament, female (% held by women)",GII,Gender Inequality Index,21.326,2008
CHN,China,pr_f,"Share of seats in parliament, female (% held by women)",GII,Gender Inequality Index,21.326,2009
CHN,China,pr_f,"Share of seats in parliament, female (% held by women)",GII,Gender Inequality Index,21.326,2010
CHN,China,pr_f,"Share of seats in parliament, female (% held by women)",GII,Gender Inequality Index,21.323,2011
CHN,China,pr_f,"Share of seats in parliament, female (% held by women)",GII,Gender Inequality Index,21.323,2012
CHN,China,pr_f,"Share of seats in parliament, female (% held by women)",GII,Gender Inequality Index,23.401,2013
CHN,China,pr_f,"Share of seats in parliament, female (% held by women)",GII,Gender Inequality Index,23.401,2014
CHN,China,pr_f,"Share of seats in parliament, female (% held by women)",GII,Gender Inequality Index,23.623,2015
CHN,China,pr_f,"Share of seats in parliament, female (% held by women)",GII,Gender Inequality Index,23.623,2016
CHN,China,pr_f,"Share of seats in parliament, female (% held by women)",GII,Gender Inequality Index,24.248,2017
CHN,China,pr_f,"Share of seats in parliament, female (% held by women)",GII,Gender Inequality Index,24.899,2018
CHN,China,pr_f,"Share of seats in parliament, female (% held by women)",GII,Gender Inequality Index,24.941,2019
CHN,China,pr_f,"Share of seats in parliament, female (% held by women)",GII,Gender Inequality Index,24.941,2020
CHN,China,pr_f,"Share of seats in parliament, female (% held by women)",GII,Gender Inequality Index,24.941,2021
CHN,China,pr_f,"Share of seats in parliament, female (% held by women)",GII,Gender Inequality Index,24.941,2022
CHN,China,pr_m,"Share of seats in parliament, male (% held by men)",GII,Gender Inequality Index,78.181,1998
CHN,China,pr_m,"Share of seats in parliament, male (% held by men)",GII,Gender Inequality Index,78.181,1999
CHN,China,pr_m,"Share of seats in parliament, male (% held by men)",GII,Gender Inequality Index,78.217,2000
CHN,China,pr_m,"Share of seats in parliament, male (% held by men)",GII,Gender Inequality Index,78.217,2001
CHN,China,pr_m,"Share of seats in parliament, male (% held by men)",GII,Gender Inequality Index,78.217,2002
CHN,China,pr_m,"Share of seats in parliament, male (% held by men)",GII,Gender Inequality Index,79.765,2003
CHN,China,pr_m,"Share of seats in parliament, male (% held by men)",GII,Gender Inequality Index,79.765,2004
CHN,China,pr_m,"Share of seats in parliament, male (% held by men)",GII,Gender Inequality Index,79.732,2005
CHN,China,pr_m,"Share of seats in parliament, male (% held by men)",GII,Gender Inequality Index,79.732,2006
CHN,China,pr_m,"Share of seats in parliament, male (% held by men)",GII,Gender Inequality Index,79.379,2007
CHN,China,pr_m,"Share of seats in parliament, male (% held by men)",GII,Gender Inequality Index,78.674,2008
CHN,China,pr_m,"Share of seats in parliament, male (% held by men)",GII,Gender Inequality Index,78.674,2009
CHN,China,pr_m,"Share of seats in parliament, male (% held by men)",GII,Gender Inequality Index,78.674,2010
CHN,China,pr_m,"Share of seats in parliament, male (% held by men)",GII,Gender Inequality Index,78.677,2011
CHN,China,pr_m,"Share of seats in parliament, male (% held by men)",GII,Gender Inequality Index,78.677,2012
CHN,China,pr_m,"Share of seats in parliament, male (% held by men)",GII,Gender Inequality Index,76.599,2013
CHN,China,pr_m,"Share of seats in parliament, male (% held by men)",GII,Gender Inequality Index,76.599,2014
CHN,China,pr_m,"Share of seats in parliament, male (% held by men)",GII,Gender Inequality Index,76.377,2015
CHN,China,pr_m,"Share of seats in parliament, male (% held by men)",GII,Gender Inequality Index,76.377,2016
CHN,China,pr_m,"Share of seats in parliament, male (% held by men)",GII,Gender Inequality Index,75.752,2017
CHN,China,pr_m,"Share of seats in parliament, male (% held by men)",GII,Gender Inequality Index,75.101,2018
CHN,China,pr_m,"Share of seats in parliament, male (% held by men)",GII,Gender Inequality Index,75.059,2019
CHN,China,pr_m,"Share of seats in parliament, male (% held by men)",GII,Gender Inequality Index,75.059,2020
CHN,China,pr_m,"Share of seats in parliament, male (% held by men)",GII,Gender Inequality Index,75.059,2021
CHN,China,pr_m,"Share of seats in parliament, male (% held by men)",GII,Gender Inequality Index,75.059,2022
CHN,China,rankdiff_hdi_phdi,Difference from HDI rank,PHDI,Planetary pressures–adjusted Human Development Index,-22,2022
CHN,China,sanitation,Sanitation (%),MPI,Multidimensional Poverty Index,3.6,2014
CHN,China,school_attendance,School attendance (%),MPI,Multidimensional Poverty Index,18.523,2014
CHN,China,se_f,"Population with at least some secondary education, female (% ages 25 and older)",GII,Gender Inequality Index,28.515,1990
CHN,China,se_f,"Population with at least some secondary education, female (% ages 25 and older)",GII,Gender Inequality Index,29.921,1991
CHN,China,se_f,"Population with at least some secondary education, female (% ages 25 and older)",GII,Gender Inequality Index,31.327,1992
CHN,China,se_f,"Population with at least some secondary education, female (% ages 25 and older)",GII,Gender Inequality Index,32.734,1993
CHN,China,se_f,"Population with at least some secondary education, female (% ages 25 and older)",GII,Gender Inequality Index,34.14,1994
CHN,China,se_f,"Population with at least some secondary education, female (% ages 25 and older)",GII,Gender Inequality Index,35.546,1995
CHN,China,se_f,"Population with at least some secondary education, female (% ages 25 and older)",GII,Gender Inequality Index,37.112,1996
CHN,China,se_f,"Population with at least some secondary education, female (% ages 25 and older)",GII,Gender Inequality Index,38.679,1997
CHN,China,se_f,"Population with at least some secondary education, female (% ages 25 and older)",GII,Gender Inequality Index,40.245,1998
CHN,China,se_f,"Population with at least some secondary education, female (% ages 25 and older)",GII,Gender Inequality Index,41.811,1999
CHN,China,se_f,"Population with at least some secondary education, female (% ages 25 and older)",GII,Gender Inequality Index,43.377,2000
CHN,China,se_f,"Population with at least some secondary education, female (% ages 25 and older)",GII,Gender Inequality Index,44.905,2001
CHN,China,se_f,"Population with at least some secondary education, female (% ages 25 and older)",GII,Gender Inequality Index,46.432,2002
CHN,China,se_f,"Population with at least some secondary education, female (% ages 25 and older)",GII,Gender Inequality Index,47.96,2003
CHN,China,se_f,"Population with at least some secondary education, female (% ages 25 and older)",GII,Gender Inequality Index,49.487,2004
CHN,China,se_f,"Population with at least some secondary education, female (% ages 25 and older)",GII,Gender Inequality Index,51.014,2005
CHN,China,se_f,"Population with at least some secondary education, female (% ages 25 and older)",GII,Gender Inequality Index,52.542,2006
CHN,China,se_f,"Population with at least some secondary education, female (% ages 25 and older)",GII,Gender Inequality Index,54.069,2007
CHN,China,se_f,"Population with at least some secondary education, female (% ages 25 and older)",GII,Gender Inequality Index,55.597,2008
CHN,China,se_f,"Population with at least some secondary education, female (% ages 25 and older)",GII,Gender Inequality Index,57.124,2009
CHN,China,se_f,"Population with at least some secondary education, female (% ages 25 and older)",GII,Gender Inequality Index,58.651,2010
CHN,China,se_f,"Population with at least some secondary education, female (% ages 25 and older)",GII,Gender Inequality Index,61.442,2011
CHN,China,se_f,"Population with at least some secondary education, female (% ages 25 and older)",GII,Gender Inequality Index,64.232,2012
CHN,China,se_f,"Population with at least some secondary education, female (% ages 25 and older)",GII,Gender Inequality Index,67.022,2013
CHN,China,se_f,"Population with at least some secondary education, female (% ages 25 and older)",GII,Gender Inequality Index,69.812,2014
CHN,China,se_f,"Population with at least some secondary education, female (% ages 25 and older)",GII,Gender Inequality Index,72.602,2015
CHN,China,se_f,"Population with at least some secondary education, female (% ages 25 and older)",GII,Gender Inequality Index,74.022,2016
CHN,China,se_f,"Population with at least some secondary education, female (% ages 25 and older)",GII,Gender Inequality Index,75.442,2017
CHN,China,se_f,"Population with at least some secondary education, female (% ages 25 and older)",GII,Gender Inequality Index,76.862,2018
CHN,China,se_f,"Population with at least some secondary education, female (% ages 25 and older)",GII,Gender Inequality Index,78.282,2019
CHN,China,se_f,"Population with at least some secondary education, female (% ages 25 and older)",GII,Gender Inequality Index,79.702,2020
CHN,China,se_f,"Population with at least some secondary education, female (% ages 25 and older)",GII,Gender Inequality Index,79.702,2021
CHN,China,se_f,"Population with at least some secondary education, female (% ages 25 and older)",GII,Gender Inequality Index,79.702,2022
CHN,China,se_m,"Population with at least some secondary education, male (% ages 25 and older)",GII,Gender Inequality Index,43.732,1990
CHN,China,se_m,"Population with at least some secondary education, male (% ages 25 and older)",GII,Gender Inequality Index,45.4,1991
CHN,China,se_m,"Population with at least some secondary education, male (% ages 25 and older)",GII,Gender Inequality Index,47.068,1992
CHN,China,se_m,"Population with at least some secondary education, male (% ages 25 and older)",GII,Gender Inequality Index,48.736,1993
CHN,China,se_m,"Population with at least some secondary education, male (% ages 25 and older)",GII,Gender Inequality Index,50.404,1994
CHN,China,se_m,"Population with at least some secondary education, male (% ages 25 and older)",GII,Gender Inequality Index,52.072,1995
CHN,China,se_m,"Population with at least some secondary education, male (% ages 25 and older)",GII,Gender Inequality Index,53.814,1996
CHN,China,se_m,"Population with at least some secondary education, male (% ages 25 and older)",GII,Gender Inequality Index,55.555,1997
CHN,China,se_m,"Population with at least some secondary education, male (% ages 25 and older)",GII,Gender Inequality Index,57.297,1998
CHN,China,se_m,"Population with at least some secondary education, male (% ages 25 and older)",GII,Gender Inequality Index,59.039,1999
CHN,China,se_m,"Population with at least some secondary education, male (% ages 25 and older)",GII,Gender Inequality Index,60.781,2000
CHN,China,se_m,"Population with at least some secondary education, male (% ages 25 and older)",GII,Gender Inequality Index,61.888,2001
CHN,China,se_m,"Population with at least some secondary education, male (% ages 25 and older)",GII,Gender Inequality Index,62.996,2002
CHN,China,se_m,"Population with at least some secondary education, male (% ages 25 and older)",GII,Gender Inequality Index,64.104,2003
CHN,China,se_m,"Population with at least some secondary education, male (% ages 25 and older)",GII,Gender Inequality Index,65.212,2004
CHN,China,se_m,"Population with at least some secondary education, male (% ages 25 and older)",GII,Gender Inequality Index,66.32,2005
CHN,China,se_m,"Population with at least some secondary education, male (% ages 25 and older)",GII,Gender Inequality Index,67.428,2006
CHN,China,se_m,"Population with at least some secondary education, male (% ages 25 and older)",GII,Gender Inequality Index,68.536,2007
CHN,China,se_m,"Population with at least some secondary education, male (% ages 25 and older)",GII,Gender Inequality Index,69.643,2008
CHN,China,se_m,"Population with at least some secondary education, male (% ages 25 and older)",GII,Gender Inequality Index,70.751,2009
CHN,China,se_m,"Population with at least some secondary education, male (% ages 25 and older)",GII,Gender Inequality Index,71.859,2010
CHN,China,se_m,"Population with at least some secondary education, male (% ages 25 and older)",GII,Gender Inequality Index,73.749,2011
CHN,China,se_m,"Population with at least some secondary education, male (% ages 25 and older)",GII,Gender Inequality Index,75.639,2012
CHN,China,se_m,"Population with at least some secondary education, male (% ages 25 and older)",GII,Gender Inequality Index,77.529,2013
CHN,China,se_m,"Population with at least some secondary education, male (% ages 25 and older)",GII,Gender Inequality Index,79.419,2014
CHN,China,se_m,"Population with at least some secondary education, male (% ages 25 and older)",GII,Gender Inequality Index,81.309,2015
CHN,China,se_m,"Population with at least some secondary education, male (% ages 25 and older)",GII,Gender Inequality Index,82.32,2016
CHN,China,se_m,"Population with at least some secondary education, male (% ages 25 and older)",GII,Gender Inequality Index,83.332,2017
CHN,China,se_m,"Population with at least some secondary education, male (% ages 25 and older)",GII,Gender Inequality Index,84.343,2018
CHN,China,se_m,"Population with at least some secondary education, male (% ages 25 and older)",GII,Gender Inequality Index,85.354,2019
CHN,China,se_m,"Population with at least some secondary education, male (% ages 25 and older)",GII,Gender Inequality Index,86.366,2020
CHN,China,se_m,"Population with at least some secondary education, male (% ages 25 and older)",GII,Gender Inequality Index,86.366,2021
CHN,China,se_m,"Population with at least some secondary education, male (% ages 25 and older)",GII,Gender Inequality Index,86.366,2022
CHN,China,years_of_schooling,Years of schooling (%),MPI,Multidimensional Poverty Index,20.663,2014
